order_id,asin,category,order_date,price,size_category,will_return,shipped_month,return_date,return_days,return_reason,return_month,within_3_months
1,B39620245,Home & Kitchen,2022-01-01,48.13,M,0,9,2022-01-10,9.0,Not as Expected,1,1
2,B39033121,Fashion,2022-01-02,59.71,M,1,4,2022-01-24,23.0,Damaged,1,1
3,B10914610,Sports,2022-01-03,44.5,S,0,11,2022-01-04,3.0,Damaged,1,1
4,B82160482,Home & Kitchen,2022-01-04,86.99,S,0,7,2022-02-11,41.0,Not as Expected,2,1
5,B43565170,Sports,2022-01-05,66.96,S,0,5,2022-01-14,13.0,Damaged,1,1
6,B33518782,Electronics,2022-01-06,92.25,XL,0,8,2022-01-07,6.0,Damaged,1,1
7,B29480384,Home & Kitchen,2022-01-07,42.96,XL,0,12,2022-01-06,5.0,Changed Mind,1,1
8,B43535356,Home & Kitchen,2022-01-08,98.62,L,0,6,2022-01-01,0.0,Damaged,1,1
9,B15219657,Home & Kitchen,2022-01-09,74.02,M,0,8,2022-02-15,45.0,Changed Mind,2,1
10,B69560172,Electronics,2022-01-10,79.14,L,0,3,2022-02-09,39.0,Damaged,2,1
11,B36835279,Home & Kitchen,2022-01-11,62.03,M,0,11,2022-01-21,20.0,Not as Expected,1,1
12,B49867810,Home & Kitchen,2022-01-12,89.13,M,1,3,2022-01-12,11.0,Damaged,1,1
13,B12062032,Electronics,2022-01-13,18.81,L,0,2,2022-01-16,15.0,Not as Expected,1,1
14,B86617866,Sports,2022-01-14,80.18,L,0,4,2022-03-07,65.0,Changed Mind,3,1
15,B25001996,Electronics,2022-01-15,68.69,XL,1,10,2022-01-05,4.0,Changed Mind,1,1
16,B90102583,Fashion,2022-01-16,85.69,L,0,3,2022-01-02,1.0,Changed Mind,1,1
17,B97925474,Electronics,2022-01-17,89.13,M,1,6,2022-01-08,7.0,Not as Expected,1,1
18,B72889913,Sports,2022-01-18,51.84,M,1,8,2022-01-23,22.0,Not as Expected,1,1
19,B82685270,Home & Kitchen,2022-01-19,96.62,L,1,1,2022-01-01,0.0,Not as Expected,1,1
20,B89881050,Home & Kitchen,2022-01-20,83.26,M,0,7,2022-01-04,3.0,Damaged,1,1
21,B79564896,Electronics,2022-01-21,88.22,XL,0,12,2022-02-06,36.0,Damaged,2,1
22,B96837363,Fashion,2022-01-22,11.16,M,1,12,2022-01-19,18.0,Changed Mind,1,1
23,B84834145,Electronics,2022-01-23,95.28,L,0,7,2022-03-31,89.0,Changed Mind,3,1
24,B22546921,Fashion,2022-01-24,32.92,M,0,2,2022-03-14,72.0,Damaged,3,1
25,B52668122,Electronics,2022-01-25,66.72,S,0,1,2022-01-11,10.0,Damaged,1,1
26,B32225093,Fashion,2022-01-26,51.09,L,1,10,2022-01-15,14.0,Damaged,1,1
27,B83197869,Fashion,2022-01-27,65.06,XL,1,7,2022-03-17,75.0,Changed Mind,3,1
28,B81404429,Home & Kitchen,2022-01-28,62.29,S,0,6,2022-01-27,26.0,Damaged,1,1
29,B93109044,Fashion,2022-01-29,79.42,S,0,8,2022-01-15,14.0,Damaged,1,1
30,B24681977,Home & Kitchen,2022-01-30,59.64,S,0,7,2022-02-18,48.0,Changed Mind,2,1
31,B70247158,Electronics,2022-01-31,60.39,XL,1,7,2022-03-20,78.0,Damaged,3,1
32,B84834145,Electronics,2022-02-01,63.26,S,0,8,2022-02-04,34.0,Damaged,2,1
33,B12734252,Electronics,2022-02-02,29.66,S,1,2,2022-01-09,8.0,Not as Expected,1,1
34,B72331754,Electronics,2022-02-03,71.51,XL,0,8,2022-02-21,51.0,Damaged,2,1
35,B27386481,Electronics,2022-02-04,98.48,S,1,8,2022-01-17,16.0,Damaged,1,1
36,B31610521,Home & Kitchen,2022-02-05,93.35,L,1,11,2022-02-06,36.0,Changed Mind,2,1
37,B44898526,Electronics,2022-02-06,31.15,L,0,4,2022-01-21,20.0,Damaged,1,1
38,B61323457,Fashion,2022-02-07,97.99,M,0,10,2022-03-27,85.0,Changed Mind,3,1
39,B72958283,Sports,2022-02-08,84.71,L,0,9,2022-01-03,2.0,Not as Expected,1,1
40,B71352521,Home & Kitchen,2022-02-09,97.0,S,0,8,2022-01-06,5.0,Not as Expected,1,1
41,B49593438,Fashion,2022-02-10,97.72,L,0,12,2022-01-07,6.0,Damaged,1,1
42,B92865040,Sports,2022-02-11,51.92,XL,0,12,2022-01-08,7.0,Changed Mind,1,1
43,B37475556,Sports,2022-02-12,66.4,XL,1,10,2022-01-09,8.0,Not as Expected,1,1
44,B91215936,Home & Kitchen,2022-02-13,33.97,XL,0,8,2022-01-06,5.0,Changed Mind,1,1
45,B88972743,Fashion,2022-02-14,28.78,S,0,2,2022-02-05,35.0,Not as Expected,2,1
46,B61994026,Sports,2022-02-15,50.36,XL,0,7,2022-01-08,7.0,Changed Mind,1,1
47,B61323457,Sports,2022-02-16,32.56,S,1,9,2022-01-09,8.0,Changed Mind,1,1
48,B47376167,Home & Kitchen,2022-02-17,86.73,L,0,1,2022-01-08,7.0,Changed Mind,1,1
49,B92919861,Electronics,2022-02-18,15.26,XL,1,12,2022-01-16,15.0,Not as Expected,1,1
50,B79564896,Sports,2022-02-19,36.02,S,0,5,2022-04-07,96.0,Changed Mind,4,0
51,B48496414,Home & Kitchen,2022-02-20,25.99,S,0,4,2022-01-15,14.0,Not as Expected,1,1
52,B26894724,Home & Kitchen,2022-02-21,18.87,S,0,9,2022-01-12,11.0,Not as Expected,1,1
53,B36309017,Fashion,2022-02-22,55.88,S,1,7,2022-01-03,2.0,Changed Mind,1,1
54,B93371422,Home & Kitchen,2022-02-23,86.93,XL,0,11,2022-01-14,13.0,Not as Expected,1,1
55,B45986036,Home & Kitchen,2022-02-24,49.21,S,1,10,2022-01-09,8.0,Changed Mind,1,1
56,B60644743,Electronics,2022-02-25,33.88,L,1,10,2022-02-13,43.0,Not as Expected,2,1
57,B59581236,Sports,2022-02-26,89.39,S,0,10,2022-01-05,4.0,Not as Expected,1,1
58,B13085213,Fashion,2022-02-27,92.9,L,1,7,2022-01-06,5.0,Changed Mind,1,1
59,B12143926,Home & Kitchen,2022-02-28,55.52,L,1,5,2022-01-11,10.0,Changed Mind,1,1
60,B94439322,Fashion,2022-03-01,69.23,L,0,5,2022-01-11,10.0,Changed Mind,1,1
61,B19152439,Sports,2022-03-02,15.53,XL,0,12,2022-02-26,56.0,Damaged,2,1
62,B84642714,Home & Kitchen,2022-03-03,40.73,L,0,8,2022-02-17,47.0,Not as Expected,2,1
63,B92895465,Home & Kitchen,2022-03-04,45.07,L,0,1,2022-01-27,26.0,Changed Mind,1,1
64,B84738946,Fashion,2022-03-05,55.49,S,0,3,2022-01-11,10.0,Damaged,1,1
65,B46267376,Electronics,2022-03-06,86.38,L,0,8,2022-01-13,12.0,Changed Mind,1,1
66,B30484260,Sports,2022-03-07,82.86,XL,1,5,2022-01-28,27.0,Changed Mind,1,1
67,B93371422,Sports,2022-03-08,10.88,XL,1,4,2022-02-10,40.0,Damaged,2,1
68,B98235072,Sports,2022-03-09,23.98,XL,1,12,2022-01-16,15.0,Damaged,1,1
69,B39396337,Home & Kitchen,2022-03-10,43.94,L,0,1,2022-01-22,21.0,Damaged,1,1
70,B70247158,Home & Kitchen,2022-03-11,56.08,M,0,4,2022-03-08,66.0,Not as Expected,3,1
71,B20283217,Home & Kitchen,2022-03-12,64.63,L,0,11,2022-02-01,31.0,Not as Expected,2,1
72,B98968988,Fashion,2022-03-13,23.0,L,0,1,2022-01-24,23.0,Changed Mind,1,1
73,B36309017,Sports,2022-03-14,72.67,M,0,6,2022-01-03,2.0,Damaged,1,1
74,B52743068,Sports,2022-03-15,90.17,L,0,10,2022-01-07,6.0,Changed Mind,1,1
75,B28604212,Sports,2022-03-16,30.13,S,0,11,2022-01-08,7.0,Changed Mind,1,1
76,B72889913,Electronics,2022-03-17,58.59,L,0,2,2022-01-30,29.0,Changed Mind,1,1
77,B23937928,Home & Kitchen,2022-03-18,99.08,M,0,3,2022-01-04,3.0,Damaged,1,1
78,B47982482,Sports,2022-03-19,67.97,L,0,2,2022-01-02,1.0,Damaged,1,1
79,B66022290,Sports,2022-03-20,18.39,S,1,4,2022-01-14,13.0,Damaged,1,1
80,B47325244,Home & Kitchen,2022-03-21,79.6,L,1,5,2022-02-08,38.0,Not as Expected,2,1
81,B42327255,Home & Kitchen,2022-03-22,55.71,XL,0,3,2022-02-05,35.0,Not as Expected,2,1
82,B30484260,Sports,2022-03-23,20.08,S,0,10,2022-02-17,47.0,Damaged,2,1
83,B48210198,Fashion,2022-03-24,56.36,XL,0,11,2022-02-06,36.0,Damaged,2,1
84,B54413950,Fashion,2022-03-25,77.97,XL,0,4,2022-01-30,29.0,Damaged,1,1
85,B38086700,Fashion,2022-03-26,20.54,S,0,10,2022-01-21,20.0,Not as Expected,1,1
86,B66628141,Fashion,2022-03-27,42.06,XL,0,2,2022-01-08,7.0,Not as Expected,1,1
87,B74045255,Electronics,2022-03-28,17.42,M,0,12,2022-01-26,25.0,Changed Mind,1,1
88,B43535356,Fashion,2022-03-29,23.63,M,1,2,2022-01-31,30.0,Damaged,1,1
89,B89653962,Sports,2022-03-30,14.72,S,0,7,2022-01-05,4.0,Damaged,1,1
90,B46036435,Sports,2022-03-31,30.35,XL,1,5,2022-01-26,25.0,Not as Expected,1,1
91,B95846399,Sports,2022-04-01,50.88,L,1,9,2022-01-04,3.0,Not as Expected,1,1
92,B40573314,Fashion,2022-04-02,81.23,M,1,11,2022-01-25,24.0,Changed Mind,1,1
93,B88826761,Home & Kitchen,2022-04-03,71.77,M,1,4,2022-01-06,5.0,Damaged,1,1
94,B10341845,Sports,2022-04-04,62.88,S,0,2,2022-01-05,4.0,Not as Expected,1,1
95,B97692330,Fashion,2022-04-05,98.79,XL,1,1,2022-01-05,4.0,Damaged,1,1
96,B72158985,Electronics,2022-04-06,51.73,M,0,2,2022-03-15,73.0,Not as Expected,3,1
97,B85621094,Electronics,2022-04-07,92.36,L,1,8,2022-01-28,27.0,Changed Mind,1,1
98,B27101911,Sports,2022-04-08,40.3,XL,0,1,2022-01-10,9.0,Damaged,1,1
99,B97692330,Home & Kitchen,2022-04-09,48.38,M,0,9,2022-01-03,2.0,Changed Mind,1,1
100,B98695390,Electronics,2022-04-10,45.75,XL,0,5,2022-01-24,23.0,Not as Expected,1,1
101,B77679674,Fashion,2022-04-11,63.71,L,1,12,2022-01-06,5.0,Damaged,1,1
102,B10952210,Fashion,2022-04-12,93.89,XL,0,10,2022-02-15,45.0,Not as Expected,2,1
103,B39649224,Electronics,2022-04-13,79.1,S,0,11,2022-01-22,21.0,Not as Expected,1,1
104,B73008268,Sports,2022-04-14,85.06,S,1,12,2022-02-09,39.0,Not as Expected,2,1
105,B43565170,Sports,2022-04-15,81.29,XL,1,8,2022-01-16,15.0,Changed Mind,1,1
106,B50294130,Electronics,2022-04-16,95.67,M,0,11,2022-02-06,36.0,Damaged,2,1
107,B89179720,Fashion,2022-04-17,20.28,M,0,10,2022-02-05,35.0,Not as Expected,2,1
108,B48210198,Home & Kitchen,2022-04-18,83.3,XL,0,2,2022-01-26,25.0,Not as Expected,1,1
109,B84885561,Fashion,2022-04-19,70.5,XL,1,11,2022-02-26,56.0,Changed Mind,2,1
110,B64599630,Home & Kitchen,2022-04-20,12.95,S,0,10,2022-01-27,26.0,Damaged,1,1
111,B36369308,Home & Kitchen,2022-04-21,45.9,M,0,9,2022-01-27,26.0,Not as Expected,1,1
112,B60789087,Electronics,2022-04-22,38.66,M,1,9,2022-01-12,11.0,Not as Expected,1,1
113,B15186483,Sports,2022-04-23,19.29,L,0,2,2022-03-22,80.0,Damaged,3,1
114,B80069606,Home & Kitchen,2022-04-24,37.89,M,0,5,2022-01-23,22.0,Damaged,1,1
115,B92264427,Fashion,2022-04-25,20.12,S,1,2,2022-01-16,15.0,Changed Mind,1,1
116,B33268570,Sports,2022-04-26,10.35,XL,0,2,2022-01-24,23.0,Not as Expected,1,1
117,B44415523,Sports,2022-04-27,89.88,S,0,11,2022-01-06,5.0,Changed Mind,1,1
118,B15691156,Fashion,2022-04-28,24.12,S,0,6,2022-01-10,9.0,Changed Mind,1,1
119,B92105844,Electronics,2022-04-29,53.91,L,1,1,2022-01-12,11.0,Damaged,1,1
120,B53204995,Sports,2022-04-30,14.99,XL,0,5,2022-01-23,22.0,Changed Mind,1,1
121,B73258792,Home & Kitchen,2022-05-01,83.07,M,1,9,2022-02-06,36.0,Not as Expected,2,1
122,B99739541,Fashion,2022-05-02,78.05,XL,0,8,2022-01-11,10.0,Not as Expected,1,1
123,B87446862,Home & Kitchen,2022-05-03,83.78,L,1,5,2022-01-05,4.0,Not as Expected,1,1
124,B46352136,Fashion,2022-05-04,74.34,S,1,12,2022-01-26,25.0,Damaged,1,1
125,B44801639,Fashion,2022-05-05,86.54,S,0,12,2022-02-28,58.0,Damaged,2,1
126,B30546360,Sports,2022-05-06,36.76,S,0,10,2022-01-17,16.0,Not as Expected,1,1
127,B24137320,Fashion,2022-05-07,34.54,S,1,6,2022-01-20,19.0,Not as Expected,1,1
128,B39083423,Sports,2022-05-08,13.79,L,0,1,2022-01-11,10.0,Damaged,1,1
129,B88031730,Fashion,2022-05-09,97.43,XL,0,3,2022-02-20,50.0,Not as Expected,2,1
130,B85434668,Sports,2022-05-10,37.54,S,1,12,2022-01-05,4.0,Not as Expected,1,1
131,B14008483,Sports,2022-05-11,30.47,L,0,3,2022-01-07,6.0,Changed Mind,1,1
132,B33550050,Electronics,2022-05-12,16.14,M,1,2,2022-10-29,301.0,Damaged,10,0
133,B96185559,Sports,2022-05-13,48.68,M,0,11,2022-02-04,34.0,Damaged,2,1
134,B36813186,Sports,2022-05-14,82.77,XL,0,10,2022-01-25,24.0,Not as Expected,1,1
135,B89816125,Sports,2022-05-15,38.76,XL,0,2,2022-02-18,48.0,Changed Mind,2,1
136,B50123867,Electronics,2022-05-16,80.23,M,0,11,2022-06-23,173.0,Damaged,6,0
137,B93651278,Home & Kitchen,2022-05-17,79.65,XL,0,9,2022-01-07,6.0,Damaged,1,1
138,B16687090,Home & Kitchen,2022-05-18,94.29,L,0,4,2022-02-17,47.0,Damaged,2,1
139,B83791361,Electronics,2022-05-19,33.11,M,0,12,2022-01-14,13.0,Changed Mind,1,1
140,B90388543,Sports,2022-05-20,62.65,M,0,10,2022-02-09,39.0,Changed Mind,2,1
141,B79670302,Sports,2022-05-21,93.65,S,0,4,2022-02-07,37.0,Changed Mind,2,1
142,B44582238,Fashion,2022-05-22,31.14,S,0,7,2022-07-12,192.0,Damaged,7,0
143,B34336972,Home & Kitchen,2022-05-23,22.13,XL,0,10,2022-01-05,4.0,Damaged,1,1
144,B78867485,Sports,2022-05-24,44.24,L,0,9,2022-01-01,0.0,Changed Mind,1,1
145,B50130604,Sports,2022-05-25,91.94,L,1,5,2022-02-11,41.0,Changed Mind,2,1
146,B80609384,Home & Kitchen,2022-05-26,77.46,M,1,5,2022-01-26,25.0,Changed Mind,1,1
147,B44877556,Sports,2022-05-27,13.37,S,0,6,2022-02-05,35.0,Not as Expected,2,1
148,B33649022,Electronics,2022-05-28,79.59,S,0,9,2022-02-12,42.0,Changed Mind,2,1
149,B12311949,Sports,2022-05-29,50.66,M,1,5,2022-01-21,20.0,Damaged,1,1
150,B91199479,Sports,2022-05-30,69.97,M,0,8,2022-01-14,13.0,Changed Mind,1,1
151,B89816125,Home & Kitchen,2022-05-31,73.94,M,0,11,2022-02-14,44.0,Changed Mind,2,1
152,B46341734,Electronics,2022-06-01,59.77,XL,1,9,2022-01-15,14.0,Not as Expected,1,1
153,B27386481,Fashion,2022-06-02,72.7,L,0,3,2022-01-30,29.0,Damaged,1,1
154,B79670302,Home & Kitchen,2022-06-03,67.18,L,0,5,2022-03-09,67.0,Changed Mind,3,1
155,B89665019,Fashion,2022-06-04,71.32,XL,0,2,2022-01-06,5.0,Not as Expected,1,1
156,B60860781,Fashion,2022-06-05,19.35,S,1,6,2022-01-01,0.0,Changed Mind,1,1
157,B37012468,Electronics,2022-06-06,78.17,S,0,6,2022-01-10,9.0,Not as Expected,1,1
158,B44132918,Fashion,2022-06-07,54.19,S,0,11,2022-02-18,48.0,Not as Expected,2,1
159,B98331393,Electronics,2022-06-08,26.99,XL,1,2,2022-01-26,25.0,Not as Expected,1,1
160,B35789383,Sports,2022-06-09,38.04,XL,1,9,2022-03-30,88.0,Not as Expected,3,1
161,B63472298,Electronics,2022-06-10,65.85,L,0,9,2022-01-25,24.0,Damaged,1,1
162,B21685591,Home & Kitchen,2022-06-11,96.75,S,0,9,2022-01-10,9.0,Not as Expected,1,1
163,B38952391,Fashion,2022-06-12,26.93,S,0,11,2022-02-14,44.0,Damaged,2,1
164,B31580224,Electronics,2022-06-13,90.58,S,0,1,2022-02-02,32.0,Damaged,2,1
165,B24313000,Home & Kitchen,2022-06-14,68.21,XL,0,11,2022-02-22,52.0,Changed Mind,2,1
166,B77246384,Electronics,2022-06-15,54.77,L,0,1,2022-02-03,33.0,Damaged,2,1
167,B66913287,Fashion,2022-06-16,43.32,L,0,6,2022-01-19,18.0,Changed Mind,1,1
168,B14387946,Fashion,2022-06-17,23.85,M,1,4,2022-01-11,10.0,Damaged,1,1
169,B98105161,Home & Kitchen,2022-06-18,20.86,S,0,10,2022-01-03,2.0,Damaged,1,1
170,B87105764,Home & Kitchen,2022-06-19,21.78,L,0,6,2022-01-12,11.0,Damaged,1,1
171,B62216522,Home & Kitchen,2022-06-20,30.53,S,0,5,2022-01-02,1.0,Damaged,1,1
172,B38284095,Home & Kitchen,2022-06-21,86.74,L,1,2,2022-01-18,17.0,Changed Mind,1,1
173,B21638045,Home & Kitchen,2022-06-22,32.06,M,0,2,2022-01-09,8.0,Damaged,1,1
174,B60241376,Fashion,2022-06-23,42.08,L,0,12,2022-02-06,36.0,Changed Mind,2,1
175,B92397107,Sports,2022-06-24,93.88,XL,0,3,2022-01-08,7.0,Damaged,1,1
176,B19744630,Home & Kitchen,2022-06-25,53.23,L,1,10,2022-01-04,3.0,Not as Expected,1,1
177,B47003808,Sports,2022-06-26,63.29,XL,0,4,2022-02-25,55.0,Changed Mind,2,1
178,B89195149,Home & Kitchen,2022-06-27,84.59,S,0,11,2022-01-03,2.0,Not as Expected,1,1
179,B18085927,Home & Kitchen,2022-06-28,22.86,XL,0,6,2022-02-12,42.0,Changed Mind,2,1
180,B99312254,Home & Kitchen,2022-06-29,58.04,S,1,12,2022-03-22,80.0,Damaged,3,1
181,B26863323,Fashion,2022-06-30,18.89,S,1,3,2022-01-04,3.0,Changed Mind,1,1
182,B80564729,Sports,2022-07-01,58.85,L,0,4,2022-01-26,25.0,Damaged,1,1
183,B99782795,Fashion,2022-07-02,63.49,S,1,2,2022-01-19,18.0,Changed Mind,1,1
184,B48210198,Electronics,2022-07-03,59.15,S,0,10,2022-02-18,48.0,Damaged,2,1
185,B92416459,Home & Kitchen,2022-07-04,42.79,XL,1,12,2022-01-30,29.0,Changed Mind,1,1
186,B47325244,Home & Kitchen,2022-07-05,86.36,M,0,8,2022-01-11,10.0,Not as Expected,1,1
187,B36299065,Sports,2022-07-06,37.87,XL,1,10,2022-01-01,0.0,Changed Mind,1,1
188,B85621094,Fashion,2022-07-07,78.75,XL,0,4,2022-01-21,20.0,Changed Mind,1,1
189,B92010707,Fashion,2022-07-08,50.36,S,1,12,2022-03-09,67.0,Changed Mind,3,1
190,B89475118,Fashion,2022-07-09,82.49,S,0,5,2022-03-13,71.0,Damaged,3,1
191,B19167685,Home & Kitchen,2022-07-10,81.24,XL,1,1,2022-01-05,4.0,Not as Expected,1,1
192,B38447805,Sports,2022-07-11,83.88,L,1,2,2022-03-01,59.0,Damaged,3,1
193,B55168931,Electronics,2022-07-12,72.18,M,1,12,2022-01-02,1.0,Not as Expected,1,1
194,B13209146,Electronics,2022-07-13,78.22,S,0,9,2022-01-04,3.0,Changed Mind,1,1
195,B99611916,Fashion,2022-07-14,80.18,S,1,12,2022-04-13,102.0,Damaged,4,0
196,B68122981,Sports,2022-07-15,77.62,XL,0,2,2022-01-16,15.0,Damaged,1,1
197,B99947230,Fashion,2022-07-16,45.29,L,0,8,2022-01-03,2.0,Changed Mind,1,1
198,B20354788,Fashion,2022-07-17,27.77,S,1,12,2022-01-20,19.0,Damaged,1,1
199,B22478653,Fashion,2022-07-18,97.31,S,1,6,2022-01-02,1.0,Not as Expected,1,1
200,B61952520,Electronics,2022-07-19,33.07,XL,1,3,2022-01-01,0.0,Damaged,1,1
201,B70363506,Electronics,2022-07-20,98.23,S,0,11,2022-01-26,25.0,Changed Mind,1,1
202,B34917337,Fashion,2022-07-21,19.2,M,0,5,2022-01-08,7.0,Changed Mind,1,1
203,B61086077,Sports,2022-07-22,84.43,M,0,10,2022-01-30,29.0,Damaged,1,1
204,B31355090,Electronics,2022-07-23,29.04,M,1,2,2022-01-13,12.0,Not as Expected,1,1
205,B52289650,Fashion,2022-07-24,84.79,XL,0,9,2022-01-05,4.0,Changed Mind,1,1
206,B90896343,Electronics,2022-07-25,16.23,XL,0,4,2022-05-06,125.0,Not as Expected,5,0
207,B14158053,Home & Kitchen,2022-07-26,88.0,S,0,2,2022-01-10,9.0,Damaged,1,1
208,B98960300,Home & Kitchen,2022-07-27,47.65,L,0,2,2022-01-03,2.0,Changed Mind,1,1
209,B59581236,Electronics,2022-07-28,93.23,L,0,1,2022-01-11,10.0,Damaged,1,1
210,B48290113,Fashion,2022-07-29,67.81,S,1,3,2022-01-10,9.0,Not as Expected,1,1
211,B70072726,Electronics,2022-07-30,56.47,L,0,2,2022-01-12,11.0,Not as Expected,1,1
212,B88972743,Sports,2022-07-31,61.05,XL,1,1,2022-01-14,13.0,Not as Expected,1,1
213,B40380588,Fashion,2022-08-01,58.28,L,1,11,2022-02-19,49.0,Changed Mind,2,1
214,B66926091,Fashion,2022-08-02,22.31,L,0,10,2022-01-03,2.0,Changed Mind,1,1
215,B60241376,Fashion,2022-08-03,70.44,M,1,7,2022-01-14,13.0,Changed Mind,1,1
216,B92775260,Fashion,2022-08-04,26.08,L,0,6,2022-01-04,3.0,Not as Expected,1,1
217,B16981860,Sports,2022-08-05,85.44,XL,0,11,2022-05-02,121.0,Changed Mind,5,0
218,B31163449,Electronics,2022-08-06,15.66,M,0,7,2022-01-06,5.0,Not as Expected,1,1
219,B71131667,Electronics,2022-08-07,95.9,S,1,10,2022-01-21,20.0,Changed Mind,1,1
220,B38795280,Home & Kitchen,2022-08-08,23.41,S,0,7,2022-01-21,20.0,Damaged,1,1
221,B80533617,Fashion,2022-08-09,23.99,L,1,6,2022-02-16,46.0,Damaged,2,1
222,B39033121,Home & Kitchen,2022-08-10,16.31,XL,0,12,2022-01-11,10.0,Not as Expected,1,1
223,B49867810,Sports,2022-08-11,23.48,M,0,9,2022-02-10,40.0,Not as Expected,2,1
224,B62486308,Electronics,2022-08-12,61.66,M,0,2,2022-01-02,1.0,Damaged,1,1
225,B51318902,Electronics,2022-08-13,42.12,S,1,8,2022-03-21,79.0,Not as Expected,3,1
226,B68657811,Fashion,2022-08-14,94.05,XL,1,7,2022-01-04,3.0,Not as Expected,1,1
227,B22478653,Electronics,2022-08-15,42.97,M,0,4,2022-01-21,20.0,Changed Mind,1,1
228,B98235072,Sports,2022-08-16,93.35,S,0,7,2022-01-07,6.0,Changed Mind,1,1
229,B39516684,Sports,2022-08-17,15.27,L,0,5,2022-01-15,14.0,Changed Mind,1,1
230,B43188088,Fashion,2022-08-18,29.79,M,0,7,2022-02-01,31.0,Not as Expected,2,1
231,B10223057,Home & Kitchen,2022-08-19,85.84,S,1,7,2022-01-06,5.0,Changed Mind,1,1
232,B42393454,Fashion,2022-08-20,24.73,XL,0,11,2022-01-11,10.0,Changed Mind,1,1
233,B46352136,Sports,2022-08-21,33.42,XL,0,8,2022-02-04,34.0,Changed Mind,2,1
234,B10914610,Electronics,2022-08-22,43.41,M,0,12,2022-02-26,56.0,Not as Expected,2,1
235,B54965400,Electronics,2022-08-23,62.58,S,1,1,2022-01-28,27.0,Changed Mind,1,1
236,B72879381,Electronics,2022-08-24,45.31,L,1,4,2022-01-23,22.0,Changed Mind,1,1
237,B21610217,Sports,2022-08-25,34.14,M,0,3,2022-01-04,3.0,Not as Expected,1,1
238,B31933809,Home & Kitchen,2022-08-26,53.82,M,0,4,2022-01-06,5.0,Not as Expected,1,1
239,B63889932,Fashion,2022-08-27,57.87,M,1,8,2022-04-06,95.0,Changed Mind,4,0
240,B36813186,Home & Kitchen,2022-08-28,96.62,M,0,4,2022-01-01,0.0,Not as Expected,1,1
241,B68697352,Electronics,2022-08-29,70.84,S,1,4,2022-01-21,20.0,Changed Mind,1,1
242,B98416842,Fashion,2022-08-30,27.3,L,0,4,2022-02-12,42.0,Damaged,2,1
243,B50860660,Sports,2022-08-31,78.52,L,0,12,2022-01-08,7.0,Damaged,1,1
244,B43188088,Sports,2022-09-01,98.3,S,0,8,2022-01-19,18.0,Not as Expected,1,1
245,B37818016,Home & Kitchen,2022-09-02,23.56,L,0,11,2022-01-21,20.0,Damaged,1,1
246,B88171460,Fashion,2022-09-03,24.6,M,0,4,2022-01-10,9.0,Changed Mind,1,1
247,B24313000,Electronics,2022-09-04,20.32,L,1,9,2022-03-05,63.0,Not as Expected,3,1
248,B56485516,Home & Kitchen,2022-09-05,36.17,XL,0,7,2022-03-20,78.0,Not as Expected,3,1
249,B43507331,Sports,2022-09-06,72.64,M,0,7,2022-02-12,42.0,Not as Expected,2,1
250,B32289248,Fashion,2022-09-07,39.95,XL,0,3,2022-01-01,0.0,Changed Mind,1,1
251,B90628888,Fashion,2022-09-08,18.59,XL,1,11,2022-01-31,30.0,Not as Expected,1,1
252,B92710917,Sports,2022-09-09,66.69,M,0,4,2022-01-09,8.0,Changed Mind,1,1
253,B65903338,Electronics,2022-09-10,79.76,M,0,5,2022-01-10,9.0,Damaged,1,1
254,B74528255,Electronics,2022-09-11,46.45,M,0,7,2022-01-07,6.0,Not as Expected,1,1
255,B91199479,Sports,2022-09-12,70.01,XL,0,6,2022-01-26,25.0,Damaged,1,1
256,B54529385,Sports,2022-09-13,63.01,S,0,12,2022-01-19,18.0,Changed Mind,1,1
257,B48210198,Electronics,2022-09-14,67.93,L,1,6,2022-01-07,6.0,Damaged,1,1
258,B39396337,Home & Kitchen,2022-09-15,47.97,M,1,3,2022-03-23,81.0,Not as Expected,3,1
259,B47003808,Home & Kitchen,2022-09-16,52.94,XL,0,2,2022-01-09,8.0,Damaged,1,1
260,B63936773,Fashion,2022-09-17,83.35,M,0,9,2022-02-15,45.0,Not as Expected,2,1
261,B32888777,Fashion,2022-09-18,62.84,XL,0,6,2022-01-02,1.0,Damaged,1,1
262,B36903943,Home & Kitchen,2022-09-19,18.49,S,0,3,2022-01-07,6.0,Damaged,1,1
263,B77027548,Fashion,2022-09-20,12.69,L,1,5,2022-02-21,51.0,Damaged,2,1
264,B84785690,Home & Kitchen,2022-09-21,56.01,S,1,5,2022-01-24,23.0,Damaged,1,1
265,B26620402,Fashion,2022-09-22,59.02,M,0,10,2022-02-01,31.0,Not as Expected,2,1
266,B43248267,Home & Kitchen,2022-09-23,83.46,XL,0,2,2022-01-18,17.0,Damaged,1,1
267,B24575948,Fashion,2022-09-24,75.74,M,0,10,2022-01-18,17.0,Damaged,1,1
268,B21610217,Fashion,2022-09-25,30.28,L,0,5,2022-01-05,4.0,Damaged,1,1
269,B16321349,Home & Kitchen,2022-09-26,81.42,S,1,7,2022-01-07,6.0,Not as Expected,1,1
270,B47325244,Electronics,2022-09-27,66.62,L,0,12,2022-03-17,75.0,Damaged,3,1
271,B10341845,Home & Kitchen,2022-09-28,30.99,M,0,3,2022-01-19,18.0,Damaged,1,1
272,B58719129,Home & Kitchen,2022-09-29,56.43,S,0,4,2022-01-20,19.0,Not as Expected,1,1
273,B30832407,Sports,2022-09-30,31.6,XL,0,11,2022-02-03,33.0,Damaged,2,1
274,B35486114,Electronics,2022-10-01,74.96,M,0,4,2022-01-01,0.0,Changed Mind,1,1
275,B91044304,Fashion,2022-10-02,37.17,XL,1,10,2022-01-24,23.0,Damaged,1,1
276,B71888941,Electronics,2022-10-03,54.71,L,1,5,2022-03-07,65.0,Changed Mind,3,1
277,B13436308,Electronics,2022-10-04,90.84,M,0,10,2022-01-17,16.0,Damaged,1,1
278,B91687705,Electronics,2022-10-05,98.86,XL,1,12,2022-01-17,16.0,Damaged,1,1
279,B42609377,Sports,2022-10-06,96.21,S,0,8,2022-01-19,18.0,Not as Expected,1,1
280,B93546342,Sports,2022-10-07,79.34,XL,0,6,2022-02-28,58.0,Changed Mind,2,1
281,B43535356,Fashion,2022-10-08,22.26,XL,0,3,2022-01-29,28.0,Damaged,1,1
282,B92010707,Home & Kitchen,2022-10-09,52.12,XL,0,1,2022-02-11,41.0,Damaged,2,1
283,B43758436,Electronics,2022-10-10,97.15,M,1,1,2022-02-08,38.0,Damaged,2,1
284,B86717762,Fashion,2022-10-11,41.77,L,0,4,2022-01-03,2.0,Damaged,1,1
285,B91689814,Fashion,2022-10-12,24.35,XL,0,11,2022-04-24,113.0,Damaged,4,0
286,B85813558,Sports,2022-10-13,27.22,M,0,11,2022-02-07,37.0,Changed Mind,2,1
287,B85643403,Home & Kitchen,2022-10-14,59.44,M,1,8,2022-01-27,26.0,Not as Expected,1,1
288,B20302747,Home & Kitchen,2022-10-15,11.95,L,0,10,2022-01-02,1.0,Not as Expected,1,1
289,B19742126,Sports,2022-10-16,79.32,L,0,4,2022-03-17,75.0,Changed Mind,3,1
290,B72289342,Electronics,2022-10-17,45.33,XL,1,2,2022-01-20,19.0,Not as Expected,1,1
291,B47322917,Sports,2022-10-18,30.1,XL,1,12,2022-03-15,73.0,Not as Expected,3,1
292,B98394182,Fashion,2022-10-19,36.24,M,0,4,2022-01-17,16.0,Changed Mind,1,1
293,B60241376,Sports,2022-10-20,82.28,L,1,7,2022-01-27,26.0,Not as Expected,1,1
294,B88652004,Home & Kitchen,2022-10-21,13.35,S,1,8,2022-03-09,67.0,Damaged,3,1
295,B42327255,Electronics,2022-10-22,79.42,M,0,5,2022-01-20,19.0,Not as Expected,1,1
296,B93463973,Fashion,2022-10-23,78.61,XL,0,3,2022-01-07,6.0,Not as Expected,1,1
297,B50130604,Fashion,2022-10-24,17.34,L,1,11,2022-01-18,17.0,Damaged,1,1
298,B42327255,Home & Kitchen,2022-10-25,84.79,M,0,1,2022-01-15,14.0,Changed Mind,1,1
299,B92833163,Sports,2022-10-26,25.48,S,0,3,2022-02-09,39.0,Damaged,2,1
300,B38086700,Fashion,2022-10-27,22.28,S,1,2,2022-02-25,55.0,Changed Mind,2,1
301,B26863323,Sports,2022-10-28,24.98,L,0,1,2022-01-01,0.0,Damaged,1,1
302,B52384210,Fashion,2022-10-29,10.25,M,0,10,2022-01-21,20.0,Changed Mind,1,1
303,B31610521,Home & Kitchen,2022-10-30,58.01,S,0,7,2022-01-10,9.0,Damaged,1,1
304,B39387109,Fashion,2022-10-31,43.21,S,1,4,2022-01-06,5.0,Damaged,1,1
305,B92469975,Fashion,2022-11-01,22.89,M,1,4,2022-02-03,33.0,Damaged,2,1
306,B99403224,Electronics,2022-11-02,88.19,XL,0,7,2022-02-24,54.0,Changed Mind,2,1
307,B56543403,Fashion,2022-11-03,55.56,S,0,7,2022-01-25,24.0,Changed Mind,1,1
308,B33910186,Home & Kitchen,2022-11-04,41.38,S,1,6,2022-01-07,6.0,Changed Mind,1,1
309,B24961569,Fashion,2022-11-05,57.94,S,0,4,2022-02-12,42.0,Not as Expected,2,1
310,B27615587,Home & Kitchen,2022-11-06,82.83,S,0,11,2022-01-23,22.0,Not as Expected,1,1
311,B59241333,Sports,2022-11-07,25.38,S,0,11,2022-02-19,49.0,Damaged,2,1
312,B33813720,Home & Kitchen,2022-11-08,87.91,L,0,12,2022-04-11,100.0,Damaged,4,0
313,B89020688,Sports,2022-11-09,62.69,XL,1,11,2022-01-17,16.0,Damaged,1,1
314,B69379502,Fashion,2022-11-10,65.4,S,0,11,2022-01-13,12.0,Damaged,1,1
315,B28288947,Home & Kitchen,2022-11-11,62.97,S,1,10,2022-01-11,10.0,Damaged,1,1
316,B55710608,Electronics,2022-11-12,29.92,M,1,5,2022-02-05,35.0,Not as Expected,2,1
317,B61506715,Home & Kitchen,2022-11-13,26.63,M,0,12,2022-04-18,107.0,Damaged,4,0
318,B36309017,Sports,2022-11-14,52.96,L,0,1,2022-01-11,10.0,Not as Expected,1,1
319,B79506767,Sports,2022-11-15,42.07,L,0,10,2022-01-20,19.0,Not as Expected,1,1
320,B76520449,Electronics,2022-11-16,31.68,XL,1,12,2022-01-27,26.0,Damaged,1,1
321,B87069522,Home & Kitchen,2022-11-17,62.31,XL,0,9,2022-04-03,92.0,Changed Mind,4,0
322,B92434169,Fashion,2022-11-18,87.06,S,0,1,2022-01-10,9.0,Not as Expected,1,1
323,B99160609,Home & Kitchen,2022-11-19,60.12,M,0,2,2022-04-09,98.0,Not as Expected,4,0
324,B54981006,Home & Kitchen,2022-11-20,91.59,XL,0,5,2022-01-23,22.0,Changed Mind,1,1
325,B84339498,Home & Kitchen,2022-11-21,74.51,S,1,10,2022-02-09,39.0,Not as Expected,2,1
326,B65626808,Electronics,2022-11-22,91.04,M,0,1,2022-02-16,46.0,Changed Mind,2,1
327,B19167685,Electronics,2022-11-23,28.15,L,0,10,2022-01-06,5.0,Damaged,1,1
328,B42166820,Electronics,2022-11-24,62.86,S,1,12,2022-04-21,110.0,Damaged,4,0
329,B98960300,Electronics,2022-11-25,41.92,S,1,11,2022-04-23,112.0,Damaged,4,0
330,B80564729,Electronics,2022-11-26,76.93,L,0,5,2022-03-02,60.0,Not as Expected,3,1
331,B71522047,Fashion,2022-11-27,50.49,M,0,5,2022-02-26,56.0,Changed Mind,2,1
332,B19167685,Home & Kitchen,2022-11-28,47.1,L,0,3,2022-01-13,12.0,Changed Mind,1,1
333,B39033121,Home & Kitchen,2022-11-29,22.87,S,1,9,2022-02-27,57.0,Not as Expected,2,1
334,B41333996,Fashion,2022-11-30,41.91,XL,0,3,2022-03-08,66.0,Changed Mind,3,1
335,B24748999,Fashion,2022-12-01,70.1,M,0,2,2022-01-10,9.0,Not as Expected,1,1
336,B67444836,Fashion,2022-12-02,55.79,S,1,6,2022-01-07,6.0,Not as Expected,1,1
337,B11312104,Fashion,2022-12-03,56.72,L,0,8,2022-02-12,42.0,Not as Expected,2,1
338,B61111288,Electronics,2022-12-04,68.33,M,0,6,2022-01-27,26.0,Damaged,1,1
339,B99330776,Home & Kitchen,2022-12-05,34.83,S,0,5,2022-01-04,3.0,Changed Mind,1,1
340,B21685591,Fashion,2022-12-06,29.87,M,0,7,2022-01-16,15.0,Changed Mind,1,1
341,B34365357,Sports,2022-12-07,97.1,XL,0,6,2022-01-13,12.0,Not as Expected,1,1
342,B98960300,Fashion,2022-12-08,22.4,XL,1,4,2022-02-02,32.0,Damaged,2,1
343,B67979384,Home & Kitchen,2022-12-09,17.29,XL,0,9,2022-01-17,16.0,Not as Expected,1,1
344,B46267376,Sports,2022-12-10,73.33,M,0,10,2022-02-01,31.0,Not as Expected,2,1
345,B63889932,Fashion,2022-12-11,68.24,XL,0,8,2022-02-18,48.0,Not as Expected,2,1
346,B14730964,Electronics,2022-12-12,43.39,M,1,11,2022-02-07,37.0,Changed Mind,2,1
347,B37730070,Electronics,2022-12-13,16.91,M,0,1,2022-01-30,29.0,Changed Mind,1,1
348,B27662779,Sports,2022-12-14,35.16,L,1,6,2022-03-13,71.0,Damaged,3,1
349,B27095998,Electronics,2022-12-15,15.6,S,0,9,2022-01-10,9.0,Not as Expected,1,1
350,B79931862,Sports,2022-12-16,99.02,XL,1,7,2022-01-22,21.0,Not as Expected,1,1
351,B43976759,Fashion,2022-12-17,72.59,S,1,7,2022-02-12,42.0,Changed Mind,2,1
352,B72158985,Home & Kitchen,2022-12-18,48.87,S,1,10,2022-01-09,8.0,Not as Expected,1,1
353,B75371110,Sports,2022-12-19,92.78,L,0,6,2022-01-08,7.0,Damaged,1,1
354,B40702587,Fashion,2022-12-20,60.89,XL,0,8,2022-02-05,35.0,Damaged,2,1
355,B98105161,Sports,2022-12-21,74.01,S,0,12,2022-02-16,46.0,Damaged,2,1
356,B17092440,Home & Kitchen,2022-12-22,55.61,M,1,10,2022-03-07,65.0,Not as Expected,3,1
357,B73382168,Electronics,2022-12-23,84.38,S,0,2,2022-01-19,18.0,Changed Mind,1,1
358,B25441637,Electronics,2022-12-24,98.42,M,1,12,2022-02-08,38.0,Changed Mind,2,1
359,B71352521,Sports,2022-12-25,47.09,M,1,1,2022-01-07,6.0,Not as Expected,1,1
360,B45625924,Home & Kitchen,2022-12-26,23.26,M,0,1,2022-01-12,11.0,Not as Expected,1,1
361,B47297778,Fashion,2022-12-27,46.17,L,0,3,2022-01-31,30.0,Changed Mind,1,1
362,B73265574,Fashion,2022-12-28,81.79,XL,0,12,2022-01-06,5.0,Damaged,1,1
363,B37818016,Fashion,2022-12-29,10.02,S,1,6,2022-04-04,93.0,Damaged,4,0
364,B62941507,Sports,2022-12-30,95.91,L,0,9,2022-01-05,4.0,Damaged,1,1
365,B95846399,Electronics,2022-12-31,69.63,XL,0,1,2022-02-15,45.0,Damaged,2,1
366,B39033121,Sports,2023-01-01,37.96,M,1,7,2022-01-13,12.0,Not as Expected,1,1
367,B20262637,Sports,2023-01-02,54.08,XL,0,4,2022-02-10,40.0,Damaged,2,1
368,B46344984,Sports,2023-01-03,33.77,S,0,8,2022-01-17,16.0,Changed Mind,1,1
369,B19167685,Fashion,2023-01-04,49.23,L,1,6,2022-02-11,41.0,Changed Mind,2,1
370,B44407373,Home & Kitchen,2023-01-05,67.44,L,1,1,2022-03-11,69.0,Changed Mind,3,1
371,B98733057,Sports,2023-01-06,70.67,M,0,4,2022-01-28,27.0,Changed Mind,1,1
372,B56286545,Fashion,2023-01-07,39.05,M,0,8,2022-01-06,5.0,Damaged,1,1
373,B65626808,Sports,2023-01-08,12.07,M,0,5,2022-04-02,91.0,Changed Mind,4,0
374,B42166820,Sports,2023-01-09,43.95,S,1,7,2022-01-24,23.0,Damaged,1,1
375,B95846399,Fashion,2023-01-10,43.78,XL,0,9,2022-01-09,8.0,Damaged,1,1
376,B12311949,Home & Kitchen,2023-01-11,47.08,L,1,3,2022-01-17,16.0,Not as Expected,1,1
377,B61477214,Home & Kitchen,2023-01-12,96.92,M,0,2,2022-02-08,38.0,Changed Mind,2,1
378,B73293184,Electronics,2023-01-13,97.31,L,0,11,2022-03-24,82.0,Damaged,3,1
379,B77506119,Sports,2023-01-14,23.38,M,0,3,2022-03-13,71.0,Damaged,3,1
380,B24484747,Electronics,2023-01-15,92.21,XL,0,9,2022-01-06,5.0,Changed Mind,1,1
381,B74608974,Fashion,2023-01-16,98.06,L,1,12,2022-03-04,62.0,Changed Mind,3,1
382,B82045168,Sports,2023-01-17,33.1,XL,0,4,2022-01-28,27.0,Changed Mind,1,1
383,B74306755,Fashion,2023-01-18,76.69,M,0,11,2022-01-17,16.0,Changed Mind,1,1
384,B32411019,Electronics,2023-01-19,25.79,L,0,7,2022-01-20,19.0,Not as Expected,1,1
385,B82136378,Fashion,2023-01-20,52.48,S,1,2,2022-02-17,47.0,Damaged,2,1
386,B25331335,Fashion,2023-01-21,64.65,S,0,8,2022-02-26,56.0,Damaged,2,1
387,B69097611,Home & Kitchen,2023-01-22,26.16,S,0,10,2022-02-02,32.0,Changed Mind,2,1
388,B44407373,Sports,2023-01-23,59.25,XL,1,4,2022-01-03,2.0,Damaged,1,1
389,B86008499,Sports,2023-01-24,76.49,XL,1,1,2022-02-20,50.0,Damaged,2,1
390,B11538451,Sports,2023-01-25,70.07,M,1,6,2022-01-02,1.0,Not as Expected,1,1
391,B11312104,Fashion,2023-01-26,66.77,M,0,10,2022-01-16,15.0,Not as Expected,1,1
392,B26762872,Home & Kitchen,2023-01-27,20.84,L,0,9,2022-01-19,18.0,Damaged,1,1
393,B10721936,Electronics,2023-01-28,96.08,L,0,8,2022-01-22,21.0,Not as Expected,1,1
394,B48712131,Sports,2023-01-29,22.68,XL,0,6,2022-01-10,9.0,Changed Mind,1,1
395,B60669789,Fashion,2023-01-30,65.1,S,0,7,2022-01-17,16.0,Not as Expected,1,1
396,B38086700,Home & Kitchen,2023-01-31,21.66,M,1,9,2022-02-16,46.0,Not as Expected,2,1
397,B14987257,Home & Kitchen,2023-02-01,58.57,M,0,4,2022-01-10,9.0,Changed Mind,1,1
398,B12143926,Sports,2023-02-02,88.07,XL,1,10,2022-02-20,50.0,Changed Mind,2,1
399,B20283217,Home & Kitchen,2023-02-03,66.73,XL,0,7,2022-01-01,0.0,Not as Expected,1,1
400,B67979384,Home & Kitchen,2023-02-04,91.77,M,0,1,2022-01-06,5.0,Not as Expected,1,1
401,B72158985,Fashion,2023-02-05,69.27,XL,0,10,2022-03-20,78.0,Not as Expected,3,1
402,B46079697,Electronics,2023-02-06,50.99,M,0,6,2022-01-20,19.0,Not as Expected,1,1
403,B63889932,Home & Kitchen,2023-02-07,52.02,S,0,2,2022-01-03,2.0,Changed Mind,1,1
404,B66628141,Electronics,2023-02-08,29.05,M,0,11,2022-01-29,28.0,Damaged,1,1
405,B79931862,Home & Kitchen,2023-02-09,95.85,M,1,10,2022-01-19,18.0,Damaged,1,1
406,B38349981,Home & Kitchen,2023-02-10,37.98,S,0,4,2022-01-04,3.0,Changed Mind,1,1
407,B42159139,Home & Kitchen,2023-02-11,46.0,S,0,1,2022-01-14,13.0,Not as Expected,1,1
408,B98968988,Sports,2023-02-12,12.68,L,0,4,2022-01-30,29.0,Not as Expected,1,1
409,B44415523,Sports,2023-02-13,44.92,S,1,3,2022-01-31,30.0,Damaged,1,1
410,B42609377,Sports,2023-02-14,20.5,XL,0,12,2022-03-07,65.0,Damaged,3,1
411,B80388439,Electronics,2023-02-15,27.23,L,0,2,2022-01-21,20.0,Not as Expected,1,1
412,B77228308,Electronics,2023-02-16,81.06,S,0,2,2022-01-04,3.0,Changed Mind,1,1
413,B91569261,Sports,2023-02-17,52.5,S,0,2,2022-01-05,4.0,Changed Mind,1,1
414,B96361272,Electronics,2023-02-18,85.4,M,0,8,2022-01-17,16.0,Changed Mind,1,1
415,B18336493,Fashion,2023-02-19,39.06,M,0,9,2022-01-07,6.0,Not as Expected,1,1
416,B35208265,Electronics,2023-02-20,44.49,XL,0,5,2022-03-18,76.0,Not as Expected,3,1
417,B93663542,Fashion,2023-02-21,84.89,S,0,3,2022-01-08,7.0,Not as Expected,1,1
418,B60241376,Sports,2023-02-22,16.09,M,0,4,2022-01-15,14.0,Not as Expected,1,1
419,B47322917,Fashion,2023-02-23,83.84,XL,0,9,2022-01-23,22.0,Damaged,1,1
420,B73033952,Sports,2023-02-24,28.49,L,0,8,2022-01-13,12.0,Changed Mind,1,1
421,B48210198,Sports,2023-02-25,68.94,S,1,2,2022-02-03,33.0,Damaged,2,1
422,B37843396,Sports,2023-02-26,57.96,L,0,11,2022-01-29,28.0,Not as Expected,1,1
423,B21685591,Electronics,2023-02-27,81.04,S,0,10,2022-03-26,84.0,Damaged,3,1
424,B61994026,Home & Kitchen,2023-02-28,78.98,S,0,9,2022-02-24,54.0,Damaged,2,1
425,B49867810,Home & Kitchen,2023-03-01,61.79,S,1,7,2022-01-29,28.0,Damaged,1,1
426,B89808773,Fashion,2023-03-02,62.26,S,0,10,2022-01-19,18.0,Changed Mind,1,1
427,B54223837,Home & Kitchen,2023-03-03,76.09,S,0,9,2022-01-30,29.0,Not as Expected,1,1
428,B82903899,Sports,2023-03-04,64.95,XL,1,12,2022-01-30,29.0,Not as Expected,1,1
429,B28445677,Home & Kitchen,2023-03-05,60.31,M,1,1,2022-01-10,9.0,Changed Mind,1,1
430,B51035310,Fashion,2023-03-06,54.79,L,1,12,2022-01-07,6.0,Changed Mind,1,1
431,B92132220,Sports,2023-03-07,96.18,S,0,4,2022-01-23,22.0,Changed Mind,1,1
432,B12378817,Electronics,2023-03-08,29.91,M,1,12,2022-01-12,11.0,Changed Mind,1,1
433,B84142019,Sports,2023-03-09,49.34,S,0,2,2022-01-16,15.0,Not as Expected,1,1
434,B93651278,Sports,2023-03-10,47.69,S,0,2,2022-01-01,0.0,Changed Mind,1,1
435,B73952919,Fashion,2023-03-11,62.79,L,0,2,2022-02-04,34.0,Not as Expected,2,1
436,B25548068,Electronics,2023-03-12,71.54,S,0,3,2022-01-03,2.0,Changed Mind,1,1
437,B79564896,Sports,2023-03-13,30.05,XL,0,3,2022-02-10,40.0,Not as Expected,2,1
438,B59997732,Electronics,2023-03-14,60.57,L,0,5,2022-01-08,7.0,Damaged,1,1
439,B74542484,Sports,2023-03-15,92.83,XL,0,3,2022-01-06,5.0,Damaged,1,1
440,B46966226,Sports,2023-03-16,31.09,S,1,10,2022-01-29,28.0,Changed Mind,1,1
441,B94418245,Fashion,2023-03-17,19.97,M,0,11,2022-05-04,123.0,Changed Mind,5,0
442,B60311597,Sports,2023-03-18,35.13,XL,1,11,2022-01-17,16.0,Not as Expected,1,1
443,B60644743,Sports,2023-03-19,59.75,S,0,11,2022-03-03,61.0,Not as Expected,3,1
444,B56485516,Sports,2023-03-20,50.72,XL,0,12,2022-01-03,2.0,Damaged,1,1
445,B25000731,Home & Kitchen,2023-03-21,49.63,M,0,10,2022-01-22,21.0,Not as Expected,1,1
446,B71695642,Electronics,2023-03-22,68.88,M,0,10,2022-02-04,34.0,Changed Mind,2,1
447,B93651278,Fashion,2023-03-23,92.48,M,0,8,2022-01-15,14.0,Not as Expected,1,1
448,B64302203,Fashion,2023-03-24,26.73,M,0,5,2022-01-05,4.0,Damaged,1,1
449,B27981857,Fashion,2023-03-25,41.37,S,0,1,2022-01-01,0.0,Damaged,1,1
450,B76016530,Sports,2023-03-26,44.66,S,0,12,2022-01-16,15.0,Damaged,1,1
451,B89874989,Electronics,2023-03-27,23.8,M,0,8,2022-02-11,41.0,Not as Expected,2,1
452,B79564896,Home & Kitchen,2023-03-28,90.15,XL,0,8,2022-05-21,140.0,Damaged,5,0
453,B34792773,Home & Kitchen,2023-03-29,93.92,M,0,5,2022-01-20,19.0,Changed Mind,1,1
454,B84642714,Fashion,2023-03-30,99.93,L,1,2,2022-01-11,10.0,Changed Mind,1,1
455,B62941507,Electronics,2023-03-31,31.35,S,1,11,2022-01-14,13.0,Damaged,1,1
456,B69790584,Home & Kitchen,2023-04-01,16.46,L,0,7,2022-01-04,3.0,Not as Expected,1,1
457,B43248267,Fashion,2023-04-02,23.35,XL,0,9,2022-01-19,18.0,Changed Mind,1,1
458,B75586679,Home & Kitchen,2023-04-03,83.88,M,0,1,2022-01-31,30.0,Damaged,1,1
459,B49141583,Home & Kitchen,2023-04-04,93.67,L,0,5,2022-01-30,29.0,Not as Expected,1,1
460,B10341845,Electronics,2023-04-05,42.03,L,0,6,2022-01-01,0.0,Damaged,1,1
461,B20354788,Fashion,2023-04-06,96.62,M,1,9,2022-01-31,30.0,Damaged,1,1
462,B54780075,Home & Kitchen,2023-04-07,81.73,L,0,7,2022-02-03,33.0,Not as Expected,2,1
463,B97950109,Sports,2023-04-08,41.81,L,1,1,2022-01-22,21.0,Not as Expected,1,1
464,B48579237,Sports,2023-04-09,86.59,S,1,1,2022-03-29,87.0,Not as Expected,3,1
465,B97556708,Home & Kitchen,2023-04-10,67.69,M,1,8,2022-01-10,9.0,Not as Expected,1,1
466,B39114064,Electronics,2023-04-11,50.18,S,0,2,2022-02-27,57.0,Changed Mind,2,1
467,B39114064,Electronics,2023-04-12,50.67,S,1,10,2022-01-07,6.0,Damaged,1,1
468,B98210445,Home & Kitchen,2023-04-13,96.59,M,1,1,2022-01-10,9.0,Not as Expected,1,1
469,B15966369,Electronics,2023-04-14,36.37,L,0,6,2022-01-08,7.0,Not as Expected,1,1
470,B71737899,Electronics,2023-04-15,70.27,M,0,9,2022-03-07,65.0,Damaged,3,1
471,B46344984,Sports,2023-04-16,82.38,M,1,2,2022-02-17,47.0,Damaged,2,1
472,B73008268,Fashion,2023-04-17,44.68,M,0,5,2022-01-19,18.0,Not as Expected,1,1
473,B49141583,Fashion,2023-04-18,51.79,M,1,12,2022-01-15,14.0,Changed Mind,1,1
474,B10223057,Home & Kitchen,2023-04-19,67.8,L,0,2,2022-01-01,0.0,Not as Expected,1,1
475,B98733057,Home & Kitchen,2023-04-20,62.9,S,0,9,2022-02-06,36.0,Changed Mind,2,1
476,B39649224,Home & Kitchen,2023-04-21,75.99,L,0,1,2022-04-12,101.0,Changed Mind,4,0
477,B27324921,Sports,2023-04-22,87.01,XL,0,3,2022-02-15,45.0,Not as Expected,2,1
478,B56164378,Sports,2023-04-23,58.76,S,0,11,2022-01-09,8.0,Not as Expected,1,1
479,B69790584,Electronics,2023-04-24,96.35,M,0,12,2022-01-10,9.0,Changed Mind,1,1
480,B41333996,Sports,2023-04-25,35.3,L,0,9,2022-01-17,16.0,Not as Expected,1,1
481,B71511154,Fashion,2023-04-26,16.01,M,0,12,2022-01-17,16.0,Damaged,1,1
482,B58614659,Sports,2023-04-27,44.59,M,0,5,2022-01-09,8.0,Not as Expected,1,1
483,B55168931,Home & Kitchen,2023-04-28,96.77,M,1,1,2022-02-17,47.0,Not as Expected,2,1
484,B43111136,Fashion,2023-04-29,78.75,L,0,11,2022-02-16,46.0,Not as Expected,2,1
485,B99239522,Electronics,2023-04-30,27.72,XL,1,10,2022-02-07,37.0,Not as Expected,2,1
486,B87952836,Fashion,2023-05-01,98.17,M,1,10,2022-01-01,0.0,Damaged,1,1
487,B26580089,Sports,2023-05-02,73.22,S,0,8,2022-03-17,75.0,Changed Mind,3,1
488,B28604212,Sports,2023-05-03,81.93,XL,1,8,2022-01-13,12.0,Damaged,1,1
489,B97692330,Electronics,2023-05-04,14.85,M,0,4,2022-01-02,1.0,Damaged,1,1
490,B95688274,Home & Kitchen,2023-05-05,75.04,L,0,7,2022-01-31,30.0,Not as Expected,1,1
491,B46352136,Electronics,2023-05-06,53.53,XL,0,2,2022-02-10,40.0,Not as Expected,2,1
492,B46478149,Electronics,2023-05-07,81.54,L,0,12,2022-02-03,33.0,Not as Expected,2,1
493,B73751504,Electronics,2023-05-08,74.45,M,0,9,2022-01-16,15.0,Damaged,1,1
494,B10986127,Electronics,2023-05-09,25.88,S,1,5,2022-03-01,59.0,Not as Expected,3,1
495,B20354788,Sports,2023-05-10,92.68,M,1,6,2022-01-14,13.0,Not as Expected,1,1
496,B77679674,Home & Kitchen,2023-05-11,61.99,L,0,4,2022-01-24,23.0,Damaged,1,1
497,B40242647,Fashion,2023-05-12,44.72,M,0,2,2022-03-18,76.0,Changed Mind,3,1
498,B50469611,Home & Kitchen,2023-05-13,30.49,M,1,11,2022-02-09,39.0,Damaged,2,1
499,B30375286,Home & Kitchen,2023-05-14,80.52,XL,0,9,2022-01-04,3.0,Not as Expected,1,1
500,B25075020,Electronics,2023-05-15,97.36,L,0,10,2022-02-15,45.0,Changed Mind,2,1
501,B52031950,Home & Kitchen,2023-05-16,76.2,XL,1,6,2022-03-12,70.0,Not as Expected,3,1
502,B33923577,Electronics,2023-05-17,64.89,L,1,8,2022-02-22,52.0,Damaged,2,1
503,B28950846,Fashion,2023-05-18,95.53,L,0,5,2022-01-20,19.0,Changed Mind,1,1
504,B11312104,Electronics,2023-05-19,74.04,L,0,4,2022-02-22,52.0,Not as Expected,2,1
505,B51307857,Fashion,2023-05-20,51.08,XL,0,8,2022-01-03,2.0,Damaged,1,1
506,B57261278,Home & Kitchen,2023-05-21,38.95,XL,1,5,2022-01-10,9.0,Not as Expected,1,1
507,B79564896,Electronics,2023-05-22,26.98,XL,0,12,2022-03-02,60.0,Not as Expected,3,1
508,B18510223,Sports,2023-05-23,88.63,S,0,5,2022-01-02,1.0,Damaged,1,1
509,B89179720,Fashion,2023-05-24,75.06,M,0,1,2022-01-16,15.0,Changed Mind,1,1
510,B31610521,Home & Kitchen,2023-05-25,98.03,L,0,8,2022-03-01,59.0,Changed Mind,3,1
511,B22478653,Fashion,2023-05-26,16.77,L,1,11,2022-01-19,18.0,Changed Mind,1,1
512,B80564729,Electronics,2023-05-27,38.33,M,0,6,2022-01-04,3.0,Damaged,1,1
513,B59750440,Sports,2023-05-28,46.58,S,0,4,2022-01-19,18.0,Damaged,1,1
514,B31730435,Fashion,2023-05-29,96.63,L,0,2,2022-02-10,40.0,Damaged,2,1
515,B56726908,Fashion,2023-05-30,63.17,L,0,3,2022-01-12,11.0,Not as Expected,1,1
516,B45623592,Fashion,2023-05-31,71.21,XL,1,8,2022-03-13,71.0,Damaged,3,1
517,B37024593,Home & Kitchen,2023-06-01,34.38,S,0,1,2022-03-27,85.0,Changed Mind,3,1
518,B99861173,Sports,2023-06-02,33.17,XL,1,12,2022-01-07,6.0,Not as Expected,1,1
519,B39387109,Sports,2023-06-03,40.85,S,1,5,2022-01-04,3.0,Not as Expected,1,1
520,B38952391,Sports,2023-06-04,17.56,L,0,6,2022-01-12,11.0,Changed Mind,1,1
521,B79140298,Fashion,2023-06-05,94.56,XL,0,5,2022-01-20,19.0,Changed Mind,1,1
522,B22024252,Fashion,2023-06-06,46.46,L,1,3,2022-01-06,5.0,Changed Mind,1,1
523,B56658734,Fashion,2023-06-07,28.05,L,1,3,2022-01-09,8.0,Not as Expected,1,1
524,B93651278,Fashion,2023-06-08,40.94,XL,1,3,2022-03-23,81.0,Changed Mind,3,1
525,B12062032,Electronics,2023-06-09,27.62,M,0,2,2022-02-08,38.0,Changed Mind,2,1
526,B22024252,Electronics,2023-06-10,33.03,L,0,8,2022-01-28,27.0,Damaged,1,1
527,B89179720,Home & Kitchen,2023-06-11,78.18,S,0,2,2022-02-07,37.0,Not as Expected,2,1
528,B83453571,Fashion,2023-06-12,31.42,S,0,10,2022-01-01,0.0,Not as Expected,1,1
529,B36274555,Home & Kitchen,2023-06-13,72.9,S,0,8,2022-01-06,5.0,Changed Mind,1,1
530,B57654887,Sports,2023-06-14,63.4,L,1,12,2022-02-05,35.0,Changed Mind,2,1
531,B46344984,Fashion,2023-06-15,23.06,L,1,8,2022-02-08,38.0,Damaged,2,1
532,B55710608,Electronics,2023-06-16,78.73,XL,0,4,2022-02-28,58.0,Not as Expected,2,1
533,B14987257,Fashion,2023-06-17,86.76,S,0,2,2022-01-27,26.0,Not as Expected,1,1
534,B82159588,Sports,2023-06-18,96.04,M,0,8,2022-01-25,24.0,Damaged,1,1
535,B97396717,Home & Kitchen,2023-06-19,96.31,XL,1,10,2022-01-16,15.0,Changed Mind,1,1
536,B71511154,Fashion,2023-06-20,73.57,L,0,8,2022-02-21,51.0,Not as Expected,2,1
537,B48712131,Electronics,2023-06-21,36.22,XL,0,12,2022-02-27,57.0,Damaged,2,1
538,B23937928,Sports,2023-06-22,13.41,S,0,10,2022-01-19,18.0,Changed Mind,1,1
539,B28604212,Sports,2023-06-23,45.12,M,0,8,2022-01-15,14.0,Not as Expected,1,1
540,B45794133,Home & Kitchen,2023-06-24,75.98,S,0,11,2022-01-03,2.0,Damaged,1,1
541,B26762872,Fashion,2023-06-25,94.66,L,0,9,2022-02-17,47.0,Damaged,2,1
542,B94711590,Electronics,2023-06-26,20.22,M,1,11,2022-02-04,34.0,Changed Mind,2,1
543,B90654828,Fashion,2023-06-27,58.8,M,1,4,2022-01-18,17.0,Not as Expected,1,1
544,B43111901,Electronics,2023-06-28,52.73,L,0,10,2022-01-22,21.0,Damaged,1,1
545,B65857113,Home & Kitchen,2023-06-29,14.12,XL,0,1,2022-03-10,68.0,Changed Mind,3,1
546,B10818217,Sports,2023-06-30,68.56,L,0,10,2022-03-05,63.0,Damaged,3,1
547,B83197869,Home & Kitchen,2023-07-01,88.53,L,0,8,2022-01-07,6.0,Changed Mind,1,1
548,B38349981,Sports,2023-07-02,51.57,XL,0,11,2022-02-27,57.0,Damaged,2,1
549,B65649418,Fashion,2023-07-03,57.09,M,1,6,2022-01-22,21.0,Not as Expected,1,1
550,B73538263,Sports,2023-07-04,26.0,S,0,6,2022-01-04,3.0,Not as Expected,1,1
551,B47914296,Electronics,2023-07-05,20.9,S,0,6,2022-01-12,11.0,Changed Mind,1,1
552,B86916696,Home & Kitchen,2023-07-06,65.25,S,0,10,2022-02-05,35.0,Damaged,2,1
553,B48201220,Sports,2023-07-07,74.48,L,0,6,2022-03-09,67.0,Changed Mind,3,1
554,B43535356,Sports,2023-07-08,35.88,L,0,3,2022-01-04,3.0,Changed Mind,1,1
555,B33550050,Fashion,2023-07-09,54.95,S,1,1,2022-01-29,28.0,Changed Mind,1,1
556,B24393600,Fashion,2023-07-10,96.23,L,1,5,2022-02-04,34.0,Damaged,2,1
557,B86916696,Fashion,2023-07-11,13.0,XL,0,9,2022-01-11,10.0,Changed Mind,1,1
558,B43371922,Electronics,2023-07-12,31.22,L,1,7,2022-02-12,42.0,Damaged,2,1
559,B20283217,Fashion,2023-07-13,19.27,S,0,2,2022-01-04,3.0,Changed Mind,1,1
560,B48644807,Sports,2023-07-14,83.98,S,1,6,2022-01-09,8.0,Changed Mind,1,1
561,B99160609,Electronics,2023-07-15,99.3,L,1,7,2022-01-01,0.0,Not as Expected,1,1
562,B10952210,Fashion,2023-07-16,24.38,M,0,8,2022-01-22,21.0,Not as Expected,1,1
563,B35195929,Sports,2023-07-17,77.67,L,0,5,2022-01-10,9.0,Changed Mind,1,1
564,B74027706,Electronics,2023-07-18,35.86,M,0,11,2022-01-03,2.0,Not as Expected,1,1
565,B27424235,Sports,2023-07-19,39.59,XL,0,8,2022-03-06,64.0,Changed Mind,3,1
566,B82488712,Fashion,2023-07-20,93.69,XL,0,11,2022-01-08,7.0,Not as Expected,1,1
567,B17489117,Fashion,2023-07-21,74.13,M,0,7,2022-01-26,25.0,Changed Mind,1,1
568,B87105764,Electronics,2023-07-22,83.09,M,1,9,2022-01-11,10.0,Not as Expected,1,1
569,B19516257,Home & Kitchen,2023-07-23,50.93,M,0,1,2022-01-28,27.0,Damaged,1,1
570,B61323457,Sports,2023-07-24,39.45,M,1,4,2022-02-02,32.0,Changed Mind,2,1
571,B98643078,Sports,2023-07-25,22.45,XL,0,7,2022-02-09,39.0,Changed Mind,2,1
572,B27907824,Home & Kitchen,2023-07-26,66.28,XL,0,9,2022-01-12,11.0,Damaged,1,1
573,B35195929,Home & Kitchen,2023-07-27,71.19,L,0,6,2022-01-02,1.0,Damaged,1,1
574,B36813186,Sports,2023-07-28,93.74,S,0,5,2022-02-28,58.0,Damaged,2,1
575,B77679674,Electronics,2023-07-29,21.26,M,0,11,2022-04-15,104.0,Damaged,4,0
576,B44132918,Home & Kitchen,2023-07-30,76.34,M,0,9,2022-03-07,65.0,Damaged,3,1
577,B23706061,Fashion,2023-07-31,59.19,M,0,10,2022-01-04,3.0,Not as Expected,1,1
578,B62063834,Electronics,2023-08-01,51.16,L,0,11,2022-02-16,46.0,Not as Expected,2,1
579,B35195929,Home & Kitchen,2023-08-02,77.76,S,0,10,2022-01-21,20.0,Not as Expected,1,1
580,B21819051,Fashion,2023-08-03,64.65,M,0,10,2022-01-31,30.0,Not as Expected,1,1
581,B48644807,Fashion,2023-08-04,19.25,M,0,6,2022-01-29,28.0,Not as Expected,1,1
582,B15941464,Sports,2023-08-05,47.72,L,0,12,2022-01-24,23.0,Damaged,1,1
583,B99330776,Electronics,2023-08-06,99.61,M,0,1,2022-02-04,34.0,Changed Mind,2,1
584,B80922132,Home & Kitchen,2023-08-07,79.08,S,1,2,2022-01-30,29.0,Not as Expected,1,1
585,B73033952,Fashion,2023-08-08,78.63,S,0,3,2022-01-27,26.0,Changed Mind,1,1
586,B36309017,Sports,2023-08-09,93.0,M,1,10,2022-01-06,5.0,Damaged,1,1
587,B44973912,Home & Kitchen,2023-08-10,75.64,L,0,8,2022-03-02,60.0,Changed Mind,3,1
588,B25001996,Fashion,2023-08-11,86.32,S,0,8,2022-02-12,42.0,Damaged,2,1
589,B63889932,Sports,2023-08-12,46.1,L,0,12,2022-04-11,100.0,Changed Mind,4,0
590,B68289758,Fashion,2023-08-13,46.01,S,0,5,2022-02-17,47.0,Changed Mind,2,1
591,B52289650,Sports,2023-08-14,96.13,XL,0,6,2022-01-27,26.0,Damaged,1,1
592,B42166820,Sports,2023-08-15,78.17,S,0,3,2022-03-17,75.0,Damaged,3,1
593,B61323457,Electronics,2023-08-16,52.42,M,0,3,2022-02-02,32.0,Not as Expected,2,1
594,B24197466,Home & Kitchen,2023-08-17,54.06,S,0,5,2022-01-12,11.0,Damaged,1,1
595,B89816125,Sports,2023-08-18,11.49,M,0,12,2022-01-07,6.0,Not as Expected,1,1
596,B50790343,Fashion,2023-08-19,30.68,S,1,12,2022-01-29,28.0,Not as Expected,1,1
597,B12674561,Home & Kitchen,2023-08-20,52.42,S,1,1,2022-02-10,40.0,Damaged,2,1
598,B60860781,Home & Kitchen,2023-08-21,36.44,S,0,6,2022-02-22,52.0,Changed Mind,2,1
599,B37098600,Home & Kitchen,2023-08-22,98.36,M,0,11,2022-01-11,10.0,Not as Expected,1,1
600,B68554051,Electronics,2023-08-23,20.4,XL,0,9,2022-03-12,70.0,Not as Expected,3,1
601,B99312254,Sports,2023-08-24,55.5,S,1,6,2022-01-27,26.0,Not as Expected,1,1
602,B97294421,Sports,2023-08-25,10.89,XL,1,2,2022-02-09,39.0,Damaged,2,1
603,B88031730,Sports,2023-08-26,34.53,S,0,9,2022-02-20,50.0,Damaged,2,1
604,B21366403,Sports,2023-08-27,30.2,L,0,9,2022-03-22,80.0,Changed Mind,3,1
605,B22478653,Fashion,2023-08-28,64.46,L,0,5,2022-01-11,10.0,Not as Expected,1,1
606,B98394182,Sports,2023-08-29,89.85,S,0,1,2022-01-16,15.0,Changed Mind,1,1
607,B19167685,Home & Kitchen,2023-08-30,60.98,M,1,6,2022-03-11,69.0,Damaged,3,1
608,B34331185,Sports,2023-08-31,67.97,L,0,8,2022-02-24,54.0,Not as Expected,2,1
609,B70932279,Sports,2023-09-01,35.19,M,0,2,2022-01-16,15.0,Damaged,1,1
610,B95740143,Sports,2023-09-02,37.8,S,0,7,2022-01-20,19.0,Not as Expected,1,1
611,B18824553,Sports,2023-09-03,54.91,L,1,9,2022-02-08,38.0,Damaged,2,1
612,B48695507,Electronics,2023-09-04,61.17,XL,0,12,2022-01-03,2.0,Damaged,1,1
613,B30399509,Home & Kitchen,2023-09-05,59.17,M,0,9,2022-01-15,14.0,Changed Mind,1,1
614,B18085927,Electronics,2023-09-06,33.4,M,0,8,2022-01-08,7.0,Changed Mind,1,1
615,B73751504,Home & Kitchen,2023-09-07,23.14,L,0,6,2022-01-23,22.0,Damaged,1,1
616,B64302203,Sports,2023-09-08,43.15,S,0,9,2022-02-14,44.0,Not as Expected,2,1
617,B62941507,Sports,2023-09-09,80.57,S,0,2,2022-01-05,4.0,Changed Mind,1,1
618,B12143926,Home & Kitchen,2023-09-10,63.65,XL,1,7,2022-05-11,130.0,Not as Expected,5,0
619,B20844879,Home & Kitchen,2023-09-11,26.37,L,0,11,2022-01-20,19.0,Damaged,1,1
620,B24197466,Electronics,2023-09-12,30.99,M,1,1,2022-02-14,44.0,Changed Mind,2,1
621,B17836550,Electronics,2023-09-13,91.38,L,0,11,2022-01-14,13.0,Damaged,1,1
622,B33518782,Fashion,2023-09-14,45.66,XL,1,6,2022-01-21,20.0,Not as Expected,1,1
623,B37122926,Fashion,2023-09-15,86.83,L,0,6,2022-04-11,100.0,Changed Mind,4,0
624,B28950846,Electronics,2023-09-16,97.97,L,1,12,2022-02-05,35.0,Changed Mind,2,1
625,B10490063,Fashion,2023-09-17,42.21,XL,0,4,2022-01-02,1.0,Not as Expected,1,1
626,B99636631,Electronics,2023-09-18,11.16,S,1,5,2022-01-09,8.0,Damaged,1,1
627,B96361272,Electronics,2023-09-19,75.5,S,0,7,2022-01-10,9.0,Not as Expected,1,1
628,B62941507,Electronics,2023-09-20,53.69,M,0,12,2022-04-07,96.0,Damaged,4,0
629,B53017830,Fashion,2023-09-21,89.87,L,0,6,2022-02-14,44.0,Damaged,2,1
630,B10818217,Home & Kitchen,2023-09-22,25.23,XL,1,4,2022-02-04,34.0,Not as Expected,2,1
631,B37012468,Sports,2023-09-23,31.89,XL,0,9,2022-01-03,2.0,Damaged,1,1
632,B16464967,Fashion,2023-09-24,52.45,L,1,8,2022-02-19,49.0,Changed Mind,2,1
633,B54223837,Sports,2023-09-25,22.22,L,1,8,2022-01-07,6.0,Changed Mind,1,1
634,B33518782,Sports,2023-09-26,42.43,XL,0,11,2022-01-06,5.0,Changed Mind,1,1
635,B24313000,Home & Kitchen,2023-09-27,11.4,XL,1,9,2022-03-03,61.0,Changed Mind,3,1
636,B88385618,Fashion,2023-09-28,82.16,L,0,12,2022-01-01,0.0,Changed Mind,1,1
637,B73008268,Sports,2023-09-29,19.06,S,0,9,2022-01-03,2.0,Changed Mind,1,1
638,B20791890,Home & Kitchen,2023-09-30,63.63,S,1,12,2022-03-18,76.0,Changed Mind,3,1
639,B21870215,Home & Kitchen,2023-10-01,33.6,M,1,7,2022-01-10,9.0,Changed Mind,1,1
640,B18523098,Electronics,2023-10-02,12.7,M,0,8,2022-02-15,45.0,Damaged,2,1
641,B88972743,Fashion,2023-10-03,19.87,XL,1,9,2022-02-02,32.0,Changed Mind,2,1
642,B24393600,Sports,2023-10-04,72.93,L,1,3,2022-01-05,4.0,Changed Mind,1,1
643,B52121568,Home & Kitchen,2023-10-05,90.2,M,0,4,2022-02-18,48.0,Damaged,2,1
644,B84785690,Sports,2023-10-06,14.92,L,0,5,2022-01-08,7.0,Damaged,1,1
645,B90139246,Fashion,2023-10-07,35.33,S,0,5,2022-02-06,36.0,Damaged,2,1
646,B27101911,Electronics,2023-10-08,45.86,S,0,5,2022-01-15,14.0,Damaged,1,1
647,B48783314,Sports,2023-10-09,98.08,S,1,12,2022-01-25,24.0,Damaged,1,1
648,B38928149,Electronics,2023-10-10,49.84,M,0,5,2022-03-30,88.0,Damaged,3,1
649,B78867485,Home & Kitchen,2023-10-11,84.24,L,1,2,2022-01-10,9.0,Not as Expected,1,1
650,B94571721,Electronics,2023-10-12,35.3,M,1,3,2022-01-12,11.0,Not as Expected,1,1
651,B89874989,Sports,2023-10-13,52.14,XL,0,6,2022-01-11,10.0,Damaged,1,1
652,B22987228,Fashion,2023-10-14,84.33,L,0,7,2022-01-15,14.0,Damaged,1,1
653,B68697352,Sports,2023-10-15,79.18,XL,0,7,2022-01-27,26.0,Changed Mind,1,1
654,B13306163,Sports,2023-10-16,31.47,M,0,10,2022-02-18,48.0,Changed Mind,2,1
655,B33398705,Electronics,2023-10-17,32.74,S,0,12,2022-03-09,67.0,Damaged,3,1
656,B61111288,Electronics,2023-10-18,59.36,M,0,12,2022-01-03,2.0,Changed Mind,1,1
657,B53969398,Sports,2023-10-19,94.42,S,1,3,2022-02-02,32.0,Changed Mind,2,1
658,B48210198,Electronics,2023-10-20,20.79,L,1,6,2022-01-28,27.0,Damaged,1,1
659,B67979384,Electronics,2023-10-21,79.49,S,0,1,2022-01-29,28.0,Changed Mind,1,1
660,B92950687,Fashion,2023-10-22,76.38,M,0,11,2022-02-17,47.0,Not as Expected,2,1
661,B75677172,Fashion,2023-10-23,86.57,L,0,10,2022-03-25,83.0,Not as Expected,3,1
662,B47376167,Home & Kitchen,2023-10-24,90.03,M,0,2,2022-02-11,41.0,Changed Mind,2,1
663,B44801639,Sports,2023-10-25,89.51,XL,1,2,2022-01-07,6.0,Not as Expected,1,1
664,B79564896,Electronics,2023-10-26,91.08,M,0,2,2022-04-04,93.0,Damaged,4,0
665,B37012468,Sports,2023-10-27,98.26,M,0,9,2022-03-02,60.0,Damaged,3,1
666,B99611916,Home & Kitchen,2023-10-28,39.92,S,0,4,2022-01-12,11.0,Damaged,1,1
667,B30832407,Home & Kitchen,2023-10-29,93.61,L,0,4,2022-01-05,4.0,Damaged,1,1
668,B86008499,Fashion,2023-10-30,95.28,M,0,3,2022-02-19,49.0,Not as Expected,2,1
669,B75679651,Electronics,2023-10-31,68.34,XL,0,12,2022-04-23,112.0,Damaged,4,0
670,B40702587,Electronics,2023-11-01,69.81,S,0,4,2022-01-05,4.0,Changed Mind,1,1
671,B38634505,Sports,2023-11-02,42.27,M,0,4,2022-02-02,32.0,Damaged,2,1
672,B59997732,Fashion,2023-11-03,77.08,L,0,1,2022-01-01,0.0,Not as Expected,1,1
673,B67752257,Fashion,2023-11-04,64.23,S,0,9,2022-01-02,1.0,Changed Mind,1,1
674,B43861963,Fashion,2023-11-05,80.77,M,0,12,2022-02-16,46.0,Changed Mind,2,1
675,B17836550,Electronics,2023-11-06,23.82,M,0,10,2022-02-21,51.0,Changed Mind,2,1
676,B99330776,Home & Kitchen,2023-11-07,83.31,S,0,12,2022-01-14,13.0,Not as Expected,1,1
677,B10914610,Home & Kitchen,2023-11-08,75.1,L,0,11,2022-01-19,18.0,Changed Mind,1,1
678,B87082339,Electronics,2023-11-09,59.14,XL,1,5,2022-02-15,45.0,Damaged,2,1
679,B84585378,Home & Kitchen,2023-11-10,33.37,L,1,11,2022-02-28,58.0,Damaged,2,1
680,B26762872,Sports,2023-11-11,18.79,XL,1,9,2022-01-11,10.0,Not as Expected,1,1
681,B66926091,Electronics,2023-11-12,53.63,L,0,1,2022-02-16,46.0,Not as Expected,2,1
682,B36007035,Electronics,2023-11-13,23.02,S,1,4,2022-01-08,7.0,Damaged,1,1
683,B50790343,Fashion,2023-11-14,78.56,XL,0,1,2022-01-19,18.0,Damaged,1,1
684,B24305079,Electronics,2023-11-15,93.21,S,1,9,2022-02-08,38.0,Changed Mind,2,1
685,B60644743,Sports,2023-11-16,83.83,M,0,4,2022-02-05,35.0,Damaged,2,1
686,B76977923,Fashion,2023-11-17,39.74,S,0,1,2022-01-22,21.0,Damaged,1,1
687,B39114064,Fashion,2023-11-18,23.14,XL,1,11,2022-02-03,33.0,Damaged,2,1
688,B79522428,Home & Kitchen,2023-11-19,10.71,M,0,9,2022-01-03,2.0,Changed Mind,1,1
689,B67752257,Fashion,2023-11-20,69.73,XL,0,2,2022-01-11,10.0,Changed Mind,1,1
690,B30193840,Sports,2023-11-21,26.89,XL,0,7,2022-01-08,7.0,Not as Expected,1,1
691,B28085770,Sports,2023-11-22,74.49,S,0,1,2022-01-04,3.0,Changed Mind,1,1
692,B24393600,Home & Kitchen,2023-11-23,61.79,L,0,7,2022-01-08,7.0,Damaged,1,1
693,B27127984,Electronics,2023-11-24,52.3,L,1,6,2022-03-01,59.0,Not as Expected,3,1
694,B81404429,Sports,2023-11-25,79.08,S,0,3,2022-03-10,68.0,Damaged,3,1
695,B17075963,Sports,2023-11-26,98.3,S,0,4,2022-01-24,23.0,Damaged,1,1
696,B92416459,Home & Kitchen,2023-11-27,21.57,L,0,6,2022-01-21,20.0,Damaged,1,1
697,B77992916,Home & Kitchen,2023-11-28,59.55,L,1,4,2022-01-20,19.0,Damaged,1,1
698,B47297778,Home & Kitchen,2023-11-29,38.19,S,1,8,2022-04-07,96.0,Not as Expected,4,0
699,B35789383,Electronics,2023-11-30,12.52,L,0,11,2022-03-27,85.0,Not as Expected,3,1
700,B21548590,Electronics,2023-12-01,12.64,S,0,12,2022-01-08,7.0,Changed Mind,1,1
701,B41954982,Fashion,2023-12-02,61.99,S,1,7,2022-01-04,3.0,Changed Mind,1,1
702,B14257033,Sports,2023-12-03,17.46,S,1,1,2022-01-03,2.0,Damaged,1,1
703,B95730869,Electronics,2023-12-04,13.95,S,1,5,2022-01-14,13.0,Not as Expected,1,1
704,B73258792,Fashion,2023-12-05,25.56,S,0,9,2022-01-17,16.0,Not as Expected,1,1
705,B99782795,Electronics,2023-12-06,51.39,S,1,5,2022-01-10,9.0,Damaged,1,1
706,B23591269,Home & Kitchen,2023-12-07,55.07,M,1,10,2022-03-18,76.0,Damaged,3,1
707,B46495384,Fashion,2023-12-08,92.37,S,0,3,2022-02-24,54.0,Changed Mind,2,1
708,B33752679,Electronics,2023-12-09,47.77,S,1,3,2022-02-11,41.0,Damaged,2,1
709,B94658926,Electronics,2023-12-10,19.7,M,0,9,2022-01-21,20.0,Not as Expected,1,1
710,B28950846,Sports,2023-12-11,30.78,L,0,4,2022-03-07,65.0,Changed Mind,3,1
711,B57933451,Electronics,2023-12-12,95.09,S,0,11,2022-03-29,87.0,Changed Mind,3,1
712,B46662093,Sports,2023-12-13,63.56,S,1,5,2022-03-08,66.0,Not as Expected,3,1
713,B38528176,Home & Kitchen,2023-12-14,41.98,M,0,4,2022-01-10,9.0,Changed Mind,1,1
714,B44801639,Fashion,2023-12-15,90.34,L,0,5,2022-03-02,60.0,Changed Mind,3,1
715,B53017830,Fashion,2023-12-16,37.05,S,0,3,2022-01-14,13.0,Not as Expected,1,1
716,B77461645,Fashion,2023-12-17,89.3,S,1,10,2022-01-05,4.0,Changed Mind,1,1
717,B34792773,Electronics,2023-12-18,20.9,XL,0,9,2022-02-11,41.0,Changed Mind,2,1
718,B85613088,Fashion,2023-12-19,94.44,M,0,2,2022-02-20,50.0,Not as Expected,2,1
719,B28288947,Sports,2023-12-20,94.39,L,1,1,2022-05-11,130.0,Damaged,5,0
720,B15691156,Fashion,2023-12-21,41.07,L,0,4,2022-01-21,20.0,Not as Expected,1,1
721,B98331393,Electronics,2023-12-22,11.58,L,0,9,2022-01-10,9.0,Changed Mind,1,1
722,B97556708,Electronics,2023-12-23,41.77,XL,1,4,2022-01-03,2.0,Changed Mind,1,1
723,B44407373,Sports,2023-12-24,26.27,L,0,10,2022-01-17,16.0,Not as Expected,1,1
724,B89519702,Sports,2023-12-25,33.95,M,0,5,2022-01-27,26.0,Not as Expected,1,1
725,B47325244,Electronics,2023-12-26,66.31,M,0,12,2022-01-22,21.0,Not as Expected,1,1
726,B98670271,Electronics,2023-12-27,49.88,S,0,9,2022-01-06,5.0,Not as Expected,1,1
727,B10584143,Home & Kitchen,2023-12-28,76.27,S,0,11,2022-01-15,14.0,Not as Expected,1,1
728,B84974475,Home & Kitchen,2023-12-29,67.33,M,1,10,2022-03-17,75.0,Changed Mind,3,1
729,B85613088,Fashion,2023-12-30,37.05,L,0,10,2022-01-19,18.0,Not as Expected,1,1
730,B74400648,Home & Kitchen,2023-12-31,39.15,S,0,12,2022-01-23,22.0,Damaged,1,1
731,B28085770,Electronics,2024-01-01,81.83,S,0,10,2022-01-20,19.0,Not as Expected,1,1
732,B96185559,Home & Kitchen,2024-01-02,57.89,L,0,10,2022-01-16,15.0,Damaged,1,1
733,B51336362,Electronics,2024-01-03,21.46,S,0,5,2022-01-03,2.0,Changed Mind,1,1
734,B14987257,Home & Kitchen,2024-01-04,62.81,M,0,2,2022-01-09,8.0,Not as Expected,1,1
735,B27668710,Sports,2024-01-05,22.42,XL,1,6,2022-01-22,21.0,Not as Expected,1,1
736,B10986127,Electronics,2024-01-06,88.18,XL,0,5,2022-01-27,26.0,Damaged,1,1
737,B20086306,Fashion,2024-01-07,21.63,M,0,6,2022-01-21,20.0,Not as Expected,1,1
738,B64042269,Fashion,2024-01-08,70.25,S,1,9,2022-01-15,14.0,Damaged,1,1
739,B69601221,Home & Kitchen,2024-01-09,90.71,M,1,8,2022-02-19,49.0,Damaged,2,1
740,B62047049,Sports,2024-01-10,18.83,S,0,1,2022-02-06,36.0,Not as Expected,2,1
741,B70932279,Electronics,2024-01-11,57.72,S,0,7,2022-03-29,87.0,Not as Expected,3,1
742,B78867485,Fashion,2024-01-12,96.23,M,1,2,2022-01-02,1.0,Damaged,1,1
743,B72962443,Electronics,2024-01-13,35.01,M,0,2,2022-02-11,41.0,Not as Expected,2,1
744,B25039847,Home & Kitchen,2024-01-14,35.3,M,0,10,2022-01-03,2.0,Damaged,1,1
745,B31730435,Electronics,2024-01-15,52.3,XL,0,5,2022-01-11,10.0,Changed Mind,1,1
746,B57261278,Electronics,2024-01-16,95.29,XL,0,6,2022-03-17,75.0,Damaged,3,1
747,B68657811,Home & Kitchen,2024-01-17,82.09,S,0,11,2022-02-15,45.0,Changed Mind,2,1
748,B35208265,Fashion,2024-01-18,34.41,M,0,2,2022-02-03,33.0,Damaged,2,1
749,B60311597,Sports,2024-01-19,30.84,L,1,6,2022-01-16,15.0,Changed Mind,1,1
750,B56164378,Sports,2024-01-20,27.88,S,1,10,2022-01-03,2.0,Damaged,1,1
751,B51189438,Sports,2024-01-21,48.68,S,0,6,2022-01-10,9.0,Changed Mind,1,1
752,B43507331,Home & Kitchen,2024-01-22,82.71,XL,1,4,2022-01-21,20.0,Damaged,1,1
753,B68554051,Electronics,2024-01-23,23.71,L,0,8,2022-01-17,16.0,Changed Mind,1,1
754,B26784444,Home & Kitchen,2024-01-24,65.54,L,0,2,2022-01-19,18.0,Not as Expected,1,1
755,B21637405,Home & Kitchen,2024-01-25,52.51,XL,0,11,2022-01-02,1.0,Changed Mind,1,1
756,B43057401,Electronics,2024-01-26,68.17,S,1,8,2022-01-31,30.0,Changed Mind,1,1
757,B73033952,Sports,2024-01-27,46.31,XL,0,1,2022-01-19,18.0,Changed Mind,1,1
758,B66851867,Home & Kitchen,2024-01-28,78.38,L,1,7,2022-01-02,1.0,Damaged,1,1
759,B75821458,Sports,2024-01-29,38.89,XL,0,7,2022-03-26,84.0,Not as Expected,3,1
760,B16385263,Fashion,2024-01-30,75.0,M,0,6,2022-01-08,7.0,Not as Expected,1,1
761,B38795280,Fashion,2024-01-31,96.37,M,0,4,2022-01-07,6.0,Damaged,1,1
762,B38106028,Sports,2024-02-01,62.13,S,0,12,2022-02-12,42.0,Changed Mind,2,1
763,B25066741,Home & Kitchen,2024-02-02,67.11,S,0,12,2022-01-14,13.0,Damaged,1,1
764,B49593438,Electronics,2024-02-03,57.23,XL,0,1,2022-01-29,28.0,Changed Mind,1,1
765,B17092440,Sports,2024-02-04,53.74,M,1,7,2022-01-01,0.0,Not as Expected,1,1
766,B83197869,Sports,2024-02-05,25.17,S,0,5,2022-01-18,17.0,Not as Expected,1,1
767,B40242647,Home & Kitchen,2024-02-06,71.88,M,1,8,2022-01-02,1.0,Damaged,1,1
768,B78902787,Sports,2024-02-07,64.56,XL,0,6,2022-01-08,7.0,Damaged,1,1
769,B25674313,Sports,2024-02-08,59.76,L,0,5,2022-01-07,6.0,Damaged,1,1
770,B10584143,Home & Kitchen,2024-02-09,37.58,L,0,9,2022-04-17,106.0,Damaged,4,0
771,B48210198,Sports,2024-02-10,45.5,L,0,4,2022-01-12,11.0,Changed Mind,1,1
772,B16369255,Sports,2024-02-11,48.99,S,0,8,2022-02-25,55.0,Damaged,2,1
773,B14257033,Sports,2024-02-12,69.17,L,0,8,2022-01-17,16.0,Changed Mind,1,1
774,B51009014,Fashion,2024-02-13,75.33,M,0,11,2022-03-01,59.0,Damaged,3,1
775,B98105161,Fashion,2024-02-14,38.17,XL,0,9,2022-02-03,33.0,Changed Mind,2,1
776,B67298629,Electronics,2024-02-15,65.33,M,1,4,2022-01-01,0.0,Changed Mind,1,1
777,B37475556,Electronics,2024-02-16,43.33,M,1,12,2022-01-05,4.0,Damaged,1,1
778,B58842481,Electronics,2024-02-17,53.67,XL,0,2,2022-01-02,1.0,Damaged,1,1
779,B29480384,Home & Kitchen,2024-02-18,17.37,XL,1,9,2022-01-04,3.0,Not as Expected,1,1
780,B59750440,Home & Kitchen,2024-02-19,62.08,M,0,6,2022-01-08,7.0,Damaged,1,1
781,B58842481,Home & Kitchen,2024-02-20,90.68,M,0,12,2022-02-16,46.0,Damaged,2,1
782,B24285676,Sports,2024-02-21,95.81,XL,0,5,2022-02-10,40.0,Changed Mind,2,1
783,B74997817,Home & Kitchen,2024-02-22,40.12,L,1,5,2022-01-09,8.0,Changed Mind,1,1
784,B21638045,Electronics,2024-02-23,25.31,M,1,2,2022-01-16,15.0,Damaged,1,1
785,B22478653,Electronics,2024-02-24,97.9,XL,0,2,2022-03-01,59.0,Changed Mind,3,1
786,B63914630,Electronics,2024-02-25,81.7,L,1,9,2022-01-03,2.0,Not as Expected,1,1
787,B95770835,Home & Kitchen,2024-02-26,36.39,XL,1,9,2022-01-26,25.0,Changed Mind,1,1
788,B12573467,Home & Kitchen,2024-02-27,10.4,M,0,4,2022-01-05,4.0,Changed Mind,1,1
789,B48579237,Electronics,2024-02-28,33.78,S,0,3,2022-06-04,154.0,Not as Expected,6,0
790,B10721936,Fashion,2024-02-29,95.95,L,1,7,2022-01-18,17.0,Not as Expected,1,1
791,B86374190,Electronics,2024-03-01,52.68,S,0,4,2022-03-16,74.0,Not as Expected,3,1
792,B16464967,Home & Kitchen,2024-03-02,36.49,L,0,1,2022-01-06,5.0,Damaged,1,1
793,B53886720,Home & Kitchen,2024-03-03,40.82,L,0,1,2022-05-20,139.0,Changed Mind,5,0
794,B15941464,Electronics,2024-03-04,30.63,S,0,6,2022-01-03,2.0,Not as Expected,1,1
795,B99456739,Sports,2024-03-05,60.88,M,0,9,2022-01-03,2.0,Damaged,1,1
796,B73751504,Fashion,2024-03-06,29.55,M,1,8,2022-02-22,52.0,Not as Expected,2,1
797,B14548665,Fashion,2024-03-07,72.63,M,1,6,2022-02-15,45.0,Not as Expected,2,1
798,B25039847,Home & Kitchen,2024-03-08,52.55,XL,0,9,2022-01-10,9.0,Not as Expected,1,1
799,B83109306,Home & Kitchen,2024-03-09,24.31,M,1,11,2022-01-10,9.0,Not as Expected,1,1
800,B35486114,Home & Kitchen,2024-03-10,98.96,XL,1,12,2022-01-20,19.0,Damaged,1,1
801,B74391811,Electronics,2024-03-11,45.8,L,1,1,2022-03-28,86.0,Damaged,3,1
802,B36835279,Home & Kitchen,2024-03-12,45.05,M,0,11,2022-01-30,29.0,Not as Expected,1,1
803,B26654616,Home & Kitchen,2024-03-13,49.86,L,0,2,2022-02-24,54.0,Not as Expected,2,1
804,B70932279,Home & Kitchen,2024-03-14,29.58,L,1,3,2022-03-03,61.0,Not as Expected,3,1
805,B41067575,Fashion,2024-03-15,96.65,XL,1,1,2022-01-05,4.0,Changed Mind,1,1
806,B46691863,Fashion,2024-03-16,48.2,L,0,9,2022-01-27,26.0,Not as Expected,1,1
807,B27288225,Sports,2024-03-17,62.75,S,0,3,2022-05-11,130.0,Not as Expected,5,0
808,B48160456,Sports,2024-03-18,40.53,S,0,9,2022-01-04,3.0,Changed Mind,1,1
809,B83116246,Home & Kitchen,2024-03-19,53.25,M,0,1,2022-01-19,18.0,Changed Mind,1,1
810,B80564729,Fashion,2024-03-20,91.37,XL,1,7,2022-02-13,43.0,Not as Expected,2,1
811,B98968988,Fashion,2024-03-21,25.09,L,0,11,2022-05-18,137.0,Changed Mind,5,0
812,B34625230,Fashion,2024-03-22,81.41,M,0,7,2022-01-05,4.0,Changed Mind,1,1
813,B51340686,Fashion,2024-03-23,51.59,XL,1,7,2022-01-17,16.0,Changed Mind,1,1
814,B70476003,Sports,2024-03-24,33.12,S,1,4,2022-02-12,42.0,Damaged,2,1
815,B16250319,Electronics,2024-03-25,71.78,XL,0,5,2022-01-28,27.0,Changed Mind,1,1
816,B20354788,Fashion,2024-03-26,31.99,S,0,4,2022-03-05,63.0,Damaged,3,1
817,B27101911,Fashion,2024-03-27,23.8,XL,1,11,2022-01-04,3.0,Damaged,1,1
818,B49867810,Fashion,2024-03-28,39.71,XL,1,1,2022-01-24,23.0,Damaged,1,1
819,B95337960,Fashion,2024-03-29,36.36,S,0,4,2022-01-29,28.0,Damaged,1,1
820,B25971637,Electronics,2024-03-30,75.73,L,0,7,2022-02-21,51.0,Damaged,2,1
821,B13436308,Electronics,2024-03-31,78.94,S,0,11,2022-02-26,56.0,Changed Mind,2,1
822,B61768714,Home & Kitchen,2024-04-01,19.52,XL,0,11,2022-01-20,19.0,Changed Mind,1,1
823,B16687090,Sports,2024-04-02,79.11,S,0,7,2022-01-29,28.0,Changed Mind,1,1
824,B42875356,Fashion,2024-04-03,33.09,M,0,7,2022-01-01,0.0,Changed Mind,1,1
825,B89179720,Fashion,2024-04-04,30.39,M,0,6,2022-02-05,35.0,Changed Mind,2,1
826,B13213947,Home & Kitchen,2024-04-05,73.52,M,0,10,2022-01-01,0.0,Changed Mind,1,1
827,B69790584,Electronics,2024-04-06,88.64,M,1,1,2022-02-01,31.0,Damaged,2,1
828,B46352136,Home & Kitchen,2024-04-07,64.65,S,1,2,2022-01-22,21.0,Changed Mind,1,1
829,B75679651,Electronics,2024-04-08,94.52,S,0,5,2022-04-03,92.0,Changed Mind,4,0
830,B74027706,Sports,2024-04-09,69.89,L,0,8,2022-01-06,5.0,Not as Expected,1,1
831,B27386481,Home & Kitchen,2024-04-10,86.92,S,0,3,2022-01-16,15.0,Damaged,1,1
832,B64193517,Home & Kitchen,2024-04-11,56.86,M,0,11,2022-02-28,58.0,Not as Expected,2,1
833,B62216522,Fashion,2024-04-12,89.71,L,0,7,2022-01-23,22.0,Not as Expected,1,1
834,B16981860,Home & Kitchen,2024-04-13,20.36,L,0,1,2022-02-21,51.0,Damaged,2,1
835,B30865123,Electronics,2024-04-14,44.78,XL,0,2,2022-01-22,21.0,Damaged,1,1
836,B44582238,Electronics,2024-04-15,36.05,S,0,2,2022-02-04,34.0,Damaged,2,1
837,B53202548,Home & Kitchen,2024-04-16,23.43,S,1,1,2022-03-06,64.0,Damaged,3,1
838,B63472298,Electronics,2024-04-17,23.45,L,0,2,2022-01-03,2.0,Not as Expected,1,1
839,B31580224,Home & Kitchen,2024-04-18,49.86,XL,0,6,2022-03-06,64.0,Not as Expected,3,1
840,B35212607,Sports,2024-04-19,49.82,L,0,1,2022-01-07,6.0,Damaged,1,1
841,B60241376,Fashion,2024-04-20,91.96,L,1,7,2022-02-12,42.0,Not as Expected,2,1
842,B45794133,Sports,2024-04-21,94.7,S,1,2,2022-01-26,25.0,Changed Mind,1,1
843,B98394182,Sports,2024-04-22,11.72,M,0,1,2022-01-13,12.0,Damaged,1,1
844,B65649418,Fashion,2024-04-23,33.32,XL,1,6,2022-04-06,95.0,Changed Mind,4,0
845,B89020688,Fashion,2024-04-24,10.76,L,1,7,2022-02-25,55.0,Changed Mind,2,1
846,B23722416,Fashion,2024-04-25,89.33,S,1,9,2022-01-11,10.0,Changed Mind,1,1
847,B76260943,Home & Kitchen,2024-04-26,57.89,XL,1,7,2022-01-08,7.0,Changed Mind,1,1
848,B27662779,Electronics,2024-04-27,24.5,L,1,1,2022-01-14,13.0,Changed Mind,1,1
849,B88794278,Home & Kitchen,2024-04-28,84.74,S,0,10,2022-01-13,12.0,Damaged,1,1
850,B79698983,Electronics,2024-04-29,16.46,XL,0,2,2022-01-06,5.0,Changed Mind,1,1
851,B47003808,Home & Kitchen,2024-04-30,86.83,S,0,8,2022-03-25,83.0,Damaged,3,1
852,B32105013,Electronics,2024-05-01,11.45,S,1,6,2022-03-08,66.0,Not as Expected,3,1
853,B79522428,Electronics,2024-05-02,50.94,S,1,6,2022-03-04,62.0,Not as Expected,3,1
854,B12946944,Sports,2024-05-03,41.86,L,1,1,2022-01-19,18.0,Changed Mind,1,1
855,B61861994,Home & Kitchen,2024-05-04,68.41,M,0,1,2022-02-17,47.0,Not as Expected,2,1
856,B49141583,Fashion,2024-05-05,59.52,L,0,2,2022-01-14,13.0,Damaged,1,1
857,B31580224,Home & Kitchen,2024-05-06,41.84,L,0,11,2022-03-01,59.0,Damaged,3,1
858,B31161095,Fashion,2024-05-07,98.75,M,0,6,2022-03-13,71.0,Changed Mind,3,1
859,B65649418,Home & Kitchen,2024-05-08,48.64,S,1,12,2022-01-24,23.0,Not as Expected,1,1
860,B13040475,Sports,2024-05-09,53.62,M,0,7,2022-01-20,19.0,Changed Mind,1,1
861,B50123867,Electronics,2024-05-10,66.59,L,0,5,2022-01-24,23.0,Not as Expected,1,1
862,B33518782,Fashion,2024-05-11,18.92,S,0,9,2022-01-09,8.0,Changed Mind,1,1
863,B99611916,Electronics,2024-05-12,89.33,L,0,10,2022-01-04,3.0,Not as Expected,1,1
864,B67444836,Electronics,2024-05-13,60.94,XL,0,6,2022-01-16,15.0,Damaged,1,1
865,B95311772,Electronics,2024-05-14,70.81,S,0,12,2022-02-16,46.0,Changed Mind,2,1
866,B73293184,Sports,2024-05-15,93.04,XL,0,6,2022-02-04,34.0,Changed Mind,2,1
867,B43248267,Home & Kitchen,2024-05-16,67.81,L,1,9,2022-02-25,55.0,Not as Expected,2,1
868,B83791361,Electronics,2024-05-17,16.46,S,0,10,2022-01-19,18.0,Changed Mind,1,1
869,B10657284,Sports,2024-05-18,17.52,L,0,2,2022-01-05,4.0,Not as Expected,1,1
870,B24484747,Sports,2024-05-19,61.14,XL,0,3,2022-01-23,22.0,Changed Mind,1,1
871,B62210303,Sports,2024-05-20,20.5,S,0,9,2022-01-02,1.0,Changed Mind,1,1
872,B44246338,Home & Kitchen,2024-05-21,13.86,M,0,6,2022-01-18,17.0,Changed Mind,1,1
873,B24393600,Fashion,2024-05-22,44.53,L,0,7,2022-01-08,7.0,Not as Expected,1,1
874,B44092544,Electronics,2024-05-23,98.03,M,0,8,2022-02-26,56.0,Damaged,2,1
875,B28219859,Sports,2024-05-24,59.47,S,0,12,2022-01-05,4.0,Not as Expected,1,1
876,B54223837,Fashion,2024-05-25,89.63,S,0,3,2022-01-20,19.0,Damaged,1,1
877,B59750440,Fashion,2024-05-26,50.76,M,0,5,2022-01-16,15.0,Changed Mind,1,1
878,B78124467,Sports,2024-05-27,93.76,S,0,7,2022-02-26,56.0,Not as Expected,2,1
879,B40790271,Home & Kitchen,2024-05-28,12.69,XL,0,1,2022-01-26,25.0,Not as Expected,1,1
880,B94593466,Fashion,2024-05-29,74.75,S,0,4,2022-01-20,19.0,Not as Expected,1,1
881,B16904952,Home & Kitchen,2024-05-30,95.98,S,0,4,2022-01-28,27.0,Damaged,1,1
882,B20262637,Home & Kitchen,2024-05-31,52.26,XL,0,7,2022-01-09,8.0,Damaged,1,1
883,B36228040,Fashion,2024-06-01,32.85,M,0,4,2022-01-23,22.0,Changed Mind,1,1
884,B33398705,Fashion,2024-06-02,68.64,L,0,10,2022-01-14,13.0,Changed Mind,1,1
885,B43188088,Fashion,2024-06-03,44.38,XL,0,12,2022-01-04,3.0,Not as Expected,1,1
886,B80069606,Home & Kitchen,2024-06-04,40.47,L,1,2,2022-02-17,47.0,Damaged,2,1
887,B47914296,Home & Kitchen,2024-06-05,42.16,XL,1,8,2022-01-14,13.0,Not as Expected,1,1
888,B44582238,Fashion,2024-06-06,47.05,L,0,4,2022-01-11,10.0,Changed Mind,1,1
889,B92264427,Sports,2024-06-07,50.58,S,0,4,2022-01-01,0.0,Not as Expected,1,1
890,B61768714,Sports,2024-06-08,25.0,S,0,4,2022-01-02,1.0,Not as Expected,1,1
891,B91044304,Home & Kitchen,2024-06-09,70.86,M,0,10,2022-01-10,9.0,Damaged,1,1
892,B10580775,Sports,2024-06-10,85.62,XL,0,2,2022-01-13,12.0,Damaged,1,1
893,B20593457,Fashion,2024-06-11,76.09,M,1,2,2022-02-06,36.0,Damaged,2,1
894,B36228040,Home & Kitchen,2024-06-12,47.76,M,1,1,2022-01-15,14.0,Damaged,1,1
895,B38863100,Sports,2024-06-13,24.95,M,0,7,2022-02-18,48.0,Not as Expected,2,1
896,B61695185,Home & Kitchen,2024-06-14,74.06,S,0,10,2022-01-28,27.0,Changed Mind,1,1
897,B48579237,Sports,2024-06-15,14.74,XL,0,10,2022-01-14,13.0,Not as Expected,1,1
898,B31163449,Sports,2024-06-16,55.18,XL,0,9,2022-01-06,5.0,Changed Mind,1,1
899,B11216009,Electronics,2024-06-17,95.48,XL,1,12,2022-01-01,0.0,Damaged,1,1
900,B92469975,Sports,2024-06-18,41.63,XL,1,11,2022-01-15,14.0,Damaged,1,1
901,B89713651,Electronics,2024-06-19,76.03,M,0,9,2022-01-17,16.0,Damaged,1,1
902,B12573467,Fashion,2024-06-20,94.12,XL,1,2,2022-01-15,14.0,Changed Mind,1,1
903,B85401058,Electronics,2024-06-21,20.46,M,1,9,2022-02-19,49.0,Not as Expected,2,1
904,B61111288,Home & Kitchen,2024-06-22,64.82,M,1,5,2022-01-04,3.0,Not as Expected,1,1
905,B24137320,Fashion,2024-06-23,60.68,XL,1,4,2022-01-05,4.0,Damaged,1,1
906,B32411019,Electronics,2024-06-24,54.42,XL,0,10,2022-01-09,8.0,Damaged,1,1
907,B77679674,Fashion,2024-06-25,55.99,XL,1,5,2022-01-23,22.0,Not as Expected,1,1
908,B92775260,Sports,2024-06-26,45.89,L,0,9,2022-02-09,39.0,Changed Mind,2,1
909,B18031087,Fashion,2024-06-27,22.21,S,0,10,2022-03-12,70.0,Changed Mind,3,1
910,B20086306,Sports,2024-06-28,28.91,M,0,4,2022-01-10,9.0,Changed Mind,1,1
911,B36981209,Home & Kitchen,2024-06-29,15.07,XL,0,10,2022-01-05,4.0,Changed Mind,1,1
912,B52289650,Sports,2024-06-30,84.8,S,1,10,2022-01-22,21.0,Not as Expected,1,1
913,B82903899,Sports,2024-07-01,11.37,M,0,1,2022-01-12,11.0,Damaged,1,1
914,B55649776,Sports,2024-07-02,30.45,XL,0,8,2022-05-06,125.0,Changed Mind,5,0
915,B23312437,Electronics,2024-07-03,85.82,L,0,2,2022-01-02,1.0,Damaged,1,1
916,B56196924,Home & Kitchen,2024-07-04,92.44,L,0,1,2022-01-07,6.0,Damaged,1,1
917,B72745341,Fashion,2024-07-05,39.11,S,0,9,2022-02-12,42.0,Damaged,2,1
918,B32713100,Sports,2024-07-06,71.45,XL,0,2,2022-01-16,15.0,Changed Mind,1,1
919,B25674313,Fashion,2024-07-07,12.38,M,0,6,2022-01-26,25.0,Not as Expected,1,1
920,B50860660,Fashion,2024-07-08,94.48,L,0,12,2022-02-21,51.0,Not as Expected,2,1
921,B81100739,Sports,2024-07-09,29.06,XL,0,4,2022-02-03,33.0,Changed Mind,2,1
922,B33910186,Electronics,2024-07-10,23.51,XL,1,11,2022-01-29,28.0,Damaged,1,1
923,B73033952,Home & Kitchen,2024-07-11,18.26,XL,1,10,2022-02-04,34.0,Damaged,2,1
924,B89751306,Sports,2024-07-12,70.2,M,0,10,2022-01-03,2.0,Not as Expected,1,1
925,B42875356,Sports,2024-07-13,39.9,M,1,1,2022-01-04,3.0,Changed Mind,1,1
926,B61450605,Home & Kitchen,2024-07-14,57.42,L,0,4,2022-01-29,28.0,Damaged,1,1
927,B91925245,Electronics,2024-07-15,98.45,L,0,6,2022-01-15,14.0,Damaged,1,1
928,B24197466,Home & Kitchen,2024-07-16,21.26,L,0,6,2022-06-14,164.0,Not as Expected,6,0
929,B54529385,Sports,2024-07-17,61.23,S,1,2,2022-02-22,52.0,Changed Mind,2,1
930,B98796277,Home & Kitchen,2024-07-18,36.22,S,0,4,2022-03-20,78.0,Damaged,3,1
931,B53202548,Fashion,2024-07-19,60.46,S,0,6,2022-01-07,6.0,Changed Mind,1,1
932,B43793797,Fashion,2024-07-20,88.27,S,0,11,2022-01-30,29.0,Not as Expected,1,1
933,B10237728,Fashion,2024-07-21,70.61,L,0,2,2022-01-02,1.0,Not as Expected,1,1
934,B48358149,Electronics,2024-07-22,94.69,L,1,1,2022-02-10,40.0,Changed Mind,2,1
935,B21685591,Fashion,2024-07-23,76.9,XL,0,12,2022-01-02,1.0,Changed Mind,1,1
936,B78697080,Home & Kitchen,2024-07-24,55.93,L,0,4,2022-02-04,34.0,Not as Expected,2,1
937,B82903899,Electronics,2024-07-25,22.49,M,0,12,2022-01-08,7.0,Not as Expected,1,1
938,B23335312,Home & Kitchen,2024-07-26,19.34,XL,0,5,2022-01-28,27.0,Not as Expected,1,1
939,B18824553,Electronics,2024-07-27,38.77,L,0,12,2022-01-11,10.0,Not as Expected,1,1
940,B45623592,Home & Kitchen,2024-07-28,42.01,L,0,11,2022-01-02,1.0,Not as Expected,1,1
941,B10447678,Sports,2024-07-29,83.87,L,1,6,2022-02-05,35.0,Damaged,2,1
942,B12143926,Electronics,2024-07-30,55.32,L,0,10,2022-01-19,18.0,Damaged,1,1
943,B86717762,Sports,2024-07-31,56.87,XL,0,10,2022-02-09,39.0,Damaged,2,1
944,B85643403,Sports,2024-08-01,99.75,L,0,10,2022-01-03,2.0,Changed Mind,1,1
945,B83197869,Sports,2024-08-02,67.06,XL,0,7,2022-01-24,23.0,Not as Expected,1,1
946,B77246384,Sports,2024-08-03,62.48,S,1,6,2022-01-03,2.0,Changed Mind,1,1
947,B75677172,Sports,2024-08-04,84.54,S,0,4,2022-01-06,5.0,Damaged,1,1
948,B20200950,Sports,2024-08-05,23.68,XL,0,12,2022-02-16,46.0,Changed Mind,2,1
949,B60810036,Home & Kitchen,2024-08-06,87.47,L,1,10,2022-01-09,8.0,Changed Mind,1,1
950,B22891670,Fashion,2024-08-07,33.91,XL,0,2,2022-01-04,3.0,Not as Expected,1,1
951,B69483753,Electronics,2024-08-08,36.25,XL,0,10,2022-01-06,5.0,Not as Expected,1,1
952,B81842393,Home & Kitchen,2024-08-09,70.94,M,0,3,2022-01-06,5.0,Damaged,1,1
953,B92010707,Home & Kitchen,2024-08-10,20.9,XL,0,11,2022-02-26,56.0,Not as Expected,2,1
954,B62210303,Home & Kitchen,2024-08-11,26.15,M,1,12,2022-01-28,27.0,Changed Mind,1,1
955,B76520449,Home & Kitchen,2024-08-12,97.31,M,0,11,2022-02-17,47.0,Damaged,2,1
956,B66620337,Fashion,2024-08-13,66.41,M,0,5,2022-01-10,9.0,Changed Mind,1,1
957,B65251845,Fashion,2024-08-14,32.86,XL,1,1,2022-01-31,30.0,Not as Expected,1,1
958,B72543215,Electronics,2024-08-15,90.98,L,0,2,2022-03-11,69.0,Not as Expected,3,1
959,B80388439,Electronics,2024-08-16,41.46,M,1,10,2022-01-24,23.0,Changed Mind,1,1
960,B16250319,Home & Kitchen,2024-08-17,23.93,XL,1,6,2022-03-03,61.0,Not as Expected,3,1
961,B42166820,Electronics,2024-08-18,98.23,S,0,3,2022-01-08,7.0,Damaged,1,1
962,B24961569,Sports,2024-08-19,20.43,M,0,2,2022-04-13,102.0,Not as Expected,4,0
963,B19742126,Home & Kitchen,2024-08-20,61.57,M,0,9,2022-01-03,2.0,Damaged,1,1
964,B99312254,Electronics,2024-08-21,77.51,M,0,4,2022-02-13,43.0,Changed Mind,2,1
965,B89874989,Electronics,2024-08-22,93.83,M,0,4,2022-01-08,7.0,Damaged,1,1
966,B58719129,Sports,2024-08-23,19.9,XL,0,8,2022-01-05,4.0,Damaged,1,1
967,B33923577,Home & Kitchen,2024-08-24,57.5,S,1,5,2022-01-26,25.0,Damaged,1,1
968,B71511154,Fashion,2024-08-25,21.93,M,0,6,2022-01-12,11.0,Damaged,1,1
969,B61861994,Home & Kitchen,2024-08-26,79.48,S,0,7,2022-01-09,8.0,Not as Expected,1,1
970,B24484747,Fashion,2024-08-27,28.39,M,0,12,2022-01-18,17.0,Not as Expected,1,1
971,B45947930,Electronics,2024-08-28,30.4,S,0,3,2022-05-15,134.0,Damaged,5,0
972,B22024252,Fashion,2024-08-29,99.86,XL,1,8,2022-01-31,30.0,Damaged,1,1
973,B21811071,Home & Kitchen,2024-08-30,86.07,L,1,3,2022-01-11,10.0,Changed Mind,1,1
974,B40072025,Electronics,2024-08-31,68.55,S,0,7,2022-05-09,128.0,Not as Expected,5,0
975,B22592636,Fashion,2024-09-01,67.65,S,0,10,2022-01-11,10.0,Not as Expected,1,1
976,B44407373,Fashion,2024-09-02,63.83,M,1,3,2022-02-08,38.0,Not as Expected,2,1
977,B43601881,Home & Kitchen,2024-09-03,95.69,S,1,11,2022-01-10,9.0,Changed Mind,1,1
978,B47297778,Electronics,2024-09-04,87.29,S,0,12,2022-02-15,45.0,Not as Expected,2,1
979,B15936809,Electronics,2024-09-05,64.96,S,0,1,2022-02-01,31.0,Changed Mind,2,1
980,B50123867,Fashion,2024-09-06,22.3,M,0,10,2022-01-27,26.0,Damaged,1,1
981,B20084213,Fashion,2024-09-07,43.19,L,1,5,2022-01-19,18.0,Damaged,1,1
982,B66851867,Fashion,2024-09-08,96.54,L,1,12,2022-01-09,8.0,Changed Mind,1,1
983,B48521394,Sports,2024-09-09,20.94,M,0,8,2022-01-29,28.0,Damaged,1,1
984,B36274555,Electronics,2024-09-10,18.92,L,0,2,2022-03-04,62.0,Not as Expected,3,1
985,B97925474,Fashion,2024-09-11,12.79,M,0,7,2022-01-02,1.0,Damaged,1,1
986,B58220334,Fashion,2024-09-12,66.02,M,0,4,2022-02-10,40.0,Damaged,2,1
987,B24094618,Electronics,2024-09-13,38.37,XL,0,11,2022-03-06,64.0,Not as Expected,3,1
988,B46772052,Sports,2024-09-14,91.25,S,1,7,2022-01-30,29.0,Damaged,1,1
989,B61844771,Electronics,2024-09-15,97.4,M,0,1,2022-01-10,9.0,Changed Mind,1,1
990,B99611916,Sports,2024-09-16,33.82,L,0,2,2022-01-14,13.0,Not as Expected,1,1
991,B73952919,Home & Kitchen,2024-09-17,87.98,M,1,6,2022-02-11,41.0,Damaged,2,1
992,B70625502,Electronics,2024-09-18,42.82,S,0,8,2022-01-15,14.0,Not as Expected,1,1
993,B36309017,Electronics,2024-09-19,32.82,XL,0,5,2022-01-01,0.0,Not as Expected,1,1
994,B63927410,Home & Kitchen,2024-09-20,63.72,S,0,12,2022-01-04,3.0,Changed Mind,1,1
995,B25862274,Electronics,2024-09-21,92.14,L,1,2,2022-01-11,10.0,Changed Mind,1,1
996,B50860660,Home & Kitchen,2024-09-22,22.16,XL,0,11,2022-01-16,15.0,Damaged,1,1
997,B60789087,Sports,2024-09-23,32.57,L,0,9,2022-01-15,14.0,Not as Expected,1,1
998,B46256058,Electronics,2024-09-24,13.33,L,0,3,2022-02-19,49.0,Damaged,2,1
999,B24197466,Home & Kitchen,2024-09-25,37.2,S,0,5,2022-01-09,8.0,Not as Expected,1,1
1000,B37122926,Fashion,2024-09-26,74.1,M,0,11,2022-01-17,16.0,Changed Mind,1,1
